ID,Question,Answer,Answer Mode,Source URL
2279,What are my lease-end options?,"Turn in your vehicle and purchase or lease a new Toyota.1
Purchase the vehicle you're currently driving.
Return your vehicle to a Toyota or Lexus dealership.*",DIRECT_TEXT,https://www.toyotafinancial.com/us/en/end_of_lease_options/faqs.html
2280,How do I prepare for Lease-End?," Check out our [Lease-End Guide](/content/dam/nextgen-shared/lease-end/TFS-lease-end-guide.pdf) that provides details on considering your options, timing for an inspection, excessive wear and use, and finalizing your decision. ",PDF_ATTACHMENT,https://www.toyotafinancial.com/us/en/end_of_lease_options/faqs.html
2281,What do I need to do to return my vehicle?," Our [Lease-End Guide](/content/dam/nextgen-shared/lease-end/TFS-lease-end-guide.pdf) provides an overview of the lease-end process, and checklists to help guide you through the before, during, and after your return. The vehicle must be returned to an authorized Toyota or Lexus Dealer. We recommend contacting your originating Dealer to schedule your turn-in appointment. Your originating Dealer is required to process the vehicle return. If you return the vehicle to a third-party dealership, this is an unauthorized third-party vehicle return and you remain responsible for all obligations under the lease agreement until we receive the payoff funds and all required documentation, or the vehicle is delivered to a Toyota or Lexus Dealer. Most Toyota and Lexus Dealers will process a vehicle return even if they did not originate the lease, but we recommend contacting them to confirm and schedule a turn-in appointment. Download checklist ",PDF_ATTACHMENT,https://www.toyotafinancial.com/us/en/end_of_lease_options/faqs.html
2282,Where do I turn in my leased vehicle?," The vehicle must be returned to an authorized Toyota or Lexus Dealer. If youve moved since you began your lease, use our easy dealer locator to find a participating dealer near you. We recommend contacting the dealer to schedule your lease turn-in appointment approximately 30 days prior to your lease maturity date.  Your originating Dealer is required to process the vehicle return. Most Toyota and Lexus Dealers, while not required, will process a return, even if they did not originate the lease, but we recommend contacting them to confirm and schedule a turn-in appointment. ",DIRECT_TEXT,https://www.toyotafinancial.com/us/en/end_of_lease_options/faqs.html
2283,Who is my originating dealer?, Your originating dealer is the dealer where you began your lease. This dealer can help you choose your next Toyota and turn in your current leased vehicle. ,DIRECT_TEXT,https://www.toyotafinancial.com/us/en/end_of_lease_options/faqs.html
2284,What if I turn in my vehicle early?," You may return your vehicle prior to your lease maturity date; however, early termination fees may apply. For more info about turning in your lease early, refer to your lease agreement, or contact TFS at 1-800-286-0652 . You may also reach out to your dealer to get answers to any questions you have about your options. ",PHONE_ESCALATION,https://www.toyotafinancial.com/us/en/end_of_lease_options/faqs.html
2285,Can I return my leased vehicle to any dealer?," The vehicle must be returned to an authorized Toyota or Lexus Dealer. We recommend contacting your originating Dealer to schedule your turn-in appointment. Your originating Dealer is required to process the vehicle return. If you return the vehicle to a third-party dealership, this is an unauthorized third-party vehicle return and you remain responsible for all obligations under the lease agreement until we receive the payoff funds and all required documentation, or the vehicle is delivered to a Toyota or Lexus Dealer. Most Toyota and Lexus Dealers will process a vehicle return even if they did not originate the lease, but we recommend contacting them to confirm and schedule a turn-in appointment. ",DIRECT_TEXT,https://www.toyotafinancial.com/us/en/end_of_lease_options/faqs.html
2286,Should I schedule an appointment to return my vehicle to my Toyota dealer?," Yes, just give your dealer a call 30 days prior to your lease maturity date to schedule your lease turn-in appointment. ",DIRECT_TEXT,https://www.toyotafinancial.com/us/en/end_of_lease_options/faqs.html
2287,What should I bring to my turn-in appointment?,"Your TFS [Odometer Disclosure Statement](https://www.toyotafinancial.com/content/dam/nextgen-shared/lease-end/TF_odometer_statement_6197.pdf)
Tool kit and spare tire, if applicable
All sets of keys (masters/remotes/valet), if applicable
Owner's Manuals
Any original equipment on your vehicle at lease inception (radio, headrests, 3rd row seat, tonneau/cargo cover, etc.)",PDF_ATTACHMENT,https://www.toyotafinancial.com/us/en/end_of_lease_options/faqs.html
2288,Should I notify Toyota Financial Services after I have returned my leased vehicle?," Yes, to minimize any potential delays processing your lease return, you can notify us of your return by logging on to Toyotafinancial.com or your Toyota Financial Services App and follow the Lease End return prompts. You can also notify us by telephone at (800) 874-8822 using our automated system or speaking with a live agent. Log in to my account ",DIRECT_TEXT,https://www.toyotafinancial.com/us/en/end_of_lease_options/faqs.html
2289,What happens after I return my vehicle?,"Confirm the Dealership will accept the return. Only your originating Dealer is required to accept your lease return. To minimize any potential delays processing your lease return, you can notify us of your return by logging onto Toyotafinancial.com or your Toyota Financial Services App and follow the Lease End return prompts. You can also notify us by telephone at (800) 874-8822 using our automated system or speaking with a live agent.
The dealership will complete a final inspection at your return appointment, and ask you to sign the [Odometer Disclsoure Statement](https://www.toyotafinancial.com/content/dam/nextgen-shared/lease-end/TF_odometer_statement_6197.pdf), and provide you with a copy of it for your records. Capture the name of dealer associate that helped with the return.
TFS will send you a Lease-End invoice if you have any unpaid payments, late fees and miscellaneous charges. The invoice will also include Excessive Wear and Use charges, Excessive Mileage charges, and Disposition Fee if applicable. These items may be taxable.
If you had a security deposit, it will be returned to your home address via check. It will be used to first pay any Lease-End invoice charges, if applicable.
[Cancel any electronic payments](https://www.toyotafinancial.com/dss/login?deeplink=paymentspayments).",PDF_ATTACHMENT,https://www.toyotafinancial.com/us/en/end_of_lease_options/faqs.html
2290,How will TFS contact me before my lease ends?," Leading up to lease-end, youll receive various communications from TFS about your options and things you need to do. Be on the lookout for information from us through toyotafinancial.com, email and/or phone calls. ",DIRECT_TEXT,https://www.toyotafinancial.com/us/en/end_of_lease_options/faqs.html
2291,What is my lease maturity date?, This is the date when your lease agreement ends and your vehicle should be returned to a Toyota dealer (unless you choose the option to purchase your leased vehicle). ,DIRECT_TEXT,https://www.toyotafinancial.com/us/en/end_of_lease_options/faqs.html
2292,What charges should I expect on my End of Term Invoice after I turn in my vehicle?,"Excess wear and use
Excess mileage
Disposition fee
Any past due and unpaid monthly payments
Any other miscellaneous charges (e.g., unpaid late payment fees, taxes, tolls)
Any other charges due under the terms of your lease agreement if your lease was terminated early",DIRECT_TEXT,https://www.toyotafinancial.com/us/en/end_of_lease_options/faqs.html
2293,Do I return my license plates when I turn in my vehicle?, Great question - it varies by state. Please contact your Toyota dealer or the DMV if you have questions about how this applies to you. ,DIRECT_TEXT,https://www.toyotafinancial.com/us/en/end_of_lease_options/faqs.html
2294,Do I need to cancel any electronic payments at the end of my lease?," Yes, and this is one people forget. If youve returned your vehicle, please remember to cancel any automated payments you may have set up through either toyotafinancial.com or your bank. ",DIRECT_TEXT,https://www.toyotafinancial.com/us/en/end_of_lease_options/faqs.html
2295,How do I purchase my current vehicle?," First, great decision. Next, get a payoff quote by logging into your [TFS online account](https://www.toyotafinancial.com/dss/login?deeplinkpurchase_vehicle) or contacting TFS at [1-800-286-0652](tel:1-800-286-0652) . If you need financing, you can head straight to your dealer for help. ",PHONE_ESCALATION,https://www.toyotafinancial.com/us/en/end_of_lease_options/faqs.html
2296,Whats the easiest way to get into a new Toyota?, Just bring your vehicle back to your Toyota dealer at the end of your lease and they can help you with the rest. ,DIRECT_TEXT,https://www.toyotafinancial.com/us/en/end_of_lease_options/faqs.html
2297,Whats considered excessive wear and use?," It probably seems obvious, but damage that is beyond normal wear and use is considered excessive If it helps to see some examples of whats considered excessive, check out our [Wear and Use Guidelines](https://www.toyotafinancial.com/content/dam/nextgen-shared/lease-end/Toyota_Lease-End_EWU.pdf). We also recommend reviewing your lease agreement as it includes additional excess wear and use information specific to your vehicle. Just a heads up, though, the examples provided may not include all instances of excessive damage that could subject you to additional charges based on the terms of your lease agreement. ",PDF_ATTACHMENT,https://www.toyotafinancial.com/us/en/end_of_lease_options/faqs.html
2298,Can I make repairs to my lease vehicle so I dont incur wear and use charges?," Of course. In fact, we encourage you to schedule a complimentary inspection 3 and to review the [Wear and Use Guidelines](https://www.toyotafinancial.com/content/dam/nextgen-shared/lease-end/Toyota_Lease-End_EWU.pdf) to see whether your vehicle has wear and use that is considered excessive. If repair work is needed and youd like to make repairs prior to turning in the vehicle, your local Toyota dealer is a great option to assist you. Be sure to keep all of your receipts for repairs made and review your insurance policy to see if any items may be covered. If your damages exceeding normal wear and use arent repaired, it can result in charges at lease termination. 4 All charges may be subject to sales tax. 3 Available to Toyota Financial Services lease customers that do not reside in Alaska or Hawaii and whose leases did not originate in New Hampshire or Wisconsin. 4 If repairs are made to your vehicle, you or the dealer may request an inspection upon turn-in. Under certain circumstances, Toyota Financial Services does not charge its lease customers for excess wear and use damage. See your lease agreement for additional information. ",PDF_ATTACHMENT,https://www.toyotafinancial.com/us/en/end_of_lease_options/faqs.html
2299,What is a courtesy pre-inspection?, A courtesy pre-inspection by your Toyota dealer assesses the condition of your vehicle and provides an estimate of wear and use charges that could be due at lease-end. 3 3 Courtesy pre-inspection available to lease customers who do not reside in Hawaii or whose leases did not originate in New Hampshire or Wisconsin. ,DIRECT_TEXT,https://www.toyotafinancial.com/us/en/end_of_lease_options/faqs.html
2300,How do I schedule a courtesy pre-inspection appointment?, You can contact your originating dealer or any Toyota dealer to determine if they can conduct a courtesy pre-inspection and schedule an appointment. 3 3 Courtesy pre-inspection available to lease customers who do not reside in Hawaii or whose leases did not originate in New Hampshire or Wisconsin. ,DIRECT_TEXT,https://www.toyotafinancial.com/us/en/end_of_lease_options/faqs.html
2301,What do I need for my courtesy pre-inspection and lease return appointments?,"Vehicle keys
Toolkit and spare tire
Owner's Manual
Original equipment",DIRECT_TEXT,https://www.toyotafinancial.com/us/en/end_of_lease_options/faqs.html
2302,What should I do after my courtesy pre-inspection?," After your courtesy pre-inspection, you can discuss the inspection report immediately with the dealer in person. You can also access the report via the Document Center on our mobile app or toyotafinancial.com. You can make repairs before turning in your vehicle-just be sure to keep receipts for your records ",DIRECT_TEXT,https://www.toyotafinancial.com/us/en/end_of_lease_options/faqs.html
2303,Where can I find my mileage allowance?, The easiest way to find your mileage allowance is by looking at your lease agreement. If you cant find your lease agreement - no worries - your friends at your local dealer will be happy to help you find it. ,DIRECT_TEXT,https://www.toyotafinancial.com/us/en/end_of_lease_options/faqs.html
2304,What if I go over my mileage allowance?," No problem, it happens. You just need to call your dealer and they can give you more info on any potential charges. ",DIRECT_TEXT,https://www.toyotafinancial.com/us/en/end_of_lease_options/faqs.html
2305,Can I get additional miles?," We love the question and wish there was a way to purchase additional miles. Unfortunately, were not currently offering that as an option. ",DIRECT_TEXT,https://www.toyotafinancial.com/us/en/end_of_lease_options/faqs.html
2306,How can I see the mileage allowance in my lease agreement and track progress?,"Log in to your account
Select “Menu” from the top navigation bar
Select “Mileage Calculator” under Manage Account",DIRECT_TEXT,https://www.toyotafinancial.com/us/en/planning_tools/faq/mileage/How_can_I_see_the_mileage_allowance_in_my_lease_agreement_and_track_progress.html
2307,How do I obtain a username and password to access my TFS account?," You must be a registered TFS account holder to obtain a username and password. To register your account, please [click here to register](https://m.my.toyotafinancial.com/pub/w/registration) or download the MyTFS app from the App Store or Google Play. ",PORTAL_REDIRECT,https://www.toyotafinancial.com/us/en/planning_tools/faq/login-faqs/how_do_i_obtain_a_username_and_password_to_access_my_TFS_account.html
2308,Why isnt my password working?,"Passwords are case-sensitive
Make sure the CAPS LOCK key on your computer or device is off, then re-enter your password
Passwords may return invalid if there are blank spaces
Make sure there are no additional spaces in your entry, then retry your password",DIRECT_TEXT,https://www.toyotafinancial.com/us/en/planning_tools/faq/login-faqs/why_isnt_my_password_working.html
2309,I forgot my password. How can I retrieve it?, Click [here](https://m.my.toyotafinancial.com/pub/w/forgot_password) if you have forgotten your password. ,DIRECT_TEXT,https://www.toyotafinancial.com/us/en/planning_tools/faq/login-faqs/i_forgot_my_password_how_can_i_retrive_it.html
2310,Why isnt my username working?,"Usernames are case-sensitive
For security reasons, we no longer accept email addresses as usernames
If you used your email as your username, make sure the CAPS LOCK key on your computer or device is off, and then re-enter your username
Log in [here](/us/en/external_login.html) on your desktop or laptop using your current username. This will prompt you to update your username to comply with our new requirements",DIRECT_TEXT,https://www.toyotafinancial.com/us/en/planning_tools/faq/login-faqs/why_isnt_my_username_working.html
2311,I forgot my username. How can I retrieve it?, Click [here](https://www.toyotafinancial.com/dss/self-service/credential-recovery) if you have forgotten your username. ,DIRECT_TEXT,https://www.toyotafinancial.com/us/en/planning_tools/faq/login-faqs/i_forgot_my_username_how_can_i_retrive_it.html
2312,I forgot the secret answer to my security question. How do I reset it?," Click the Forgot Answer link below the Answer field, and this will you allow you to reset you answer. ",DIRECT_TEXT,https://www.toyotafinancial.com/us/en/planning_tools/faq/login-faqs/i_forgot_the_secret_answer_to_my_security_question_how_do_i_reset_it.html
2313,What do I do if Im locked out of my account?,"Click [here](https://m.my.toyotafinancial.com/pub/w/forgot_password?action=unlock) to unlock your account.
You will be asked for the following information to unlock your account:
Account Number
Last 4 digits of your SSN / TAX ID
Account Number
Last 4 digits of your SSN / TAX ID",DIRECT_TEXT,https://www.toyotafinancial.com/us/en/planning_tools/faq/login-faqs/what_do_i_do_if_im_locked_out_of_my_account.html
2314,What is credit?,"Say you want to purchase or lease a car, but dont have enough money to pay for it all at once. Enter credit. Credit allows customers to take possession of something, in our case a vehicle, before it is fully paid. A financial institution extends credit for the item, on the expectation that payment will be completed in the future. With credit through Toyota Financial Services, you can either finance (make monthly payments on an amount borrowed to pay for the purchase) or lease (pay for the use of a vehicle for a set period of time plus any lease charges).",DIRECT_TEXT,https://www.toyotafinancial.com/us/en/financing_options/understanding_credit/credit_101.html
2315,What is your credit made of?,"There are a few factors that make up someones credit:
Credit Report
A credit report is issued by an independent credit reporting agency and includes personal information; credit information like accounts, dates opened, account numbers, terms, amounts borrowed and payment history; how many creditors have requested your credit report; and public records of tax liens, bankruptcies and court-awarded judgments.
Credit reports are generated by each of the three major credit-reporting bureaus: Equifax, Experian, and TransUnion. What is reflected in your credit report may be used to compute your credit score.
Credit Score
Your credit score, sometimes referred to as a FICO score, can range from 300-850. The higher it is, the better. Good credit scores can make it easier and cheaper to get credit for the things you want. Basically, the scores have become a way to see how an individuals credit compares to hundreds of thousands of other consumers, and are used by financial institutions to decide how likely you are to honor your financial commitments.
Actually, you have more than one credit score. Each of the three bureaus uses a different score for its own purposes, and theyre not all the same for each person. These scores will also fluctuate from time to time, and may differ based on how each bureau calculates scores based on its stated criteria. To keep your credit in good standing its important to be proactive.",DIRECT_TEXT,https://www.toyotafinancial.com/us/en/financing_options/understanding_credit/your_credit.html
2316,Whats considered excessive wear and use?," It probably seems obvious, but damage that is beyond normal wear and use is considered excessive. If it helps to see some examples of whats considered excessive, check out our [Wear and Use Guidelines](https://www.toyotafinancial.com/content/dam/nextgen-shared/lease-end/Toyota_Lease-End_EWU.pdf). We also recommend reviewing your lease agreement as it includes additional excess wear and use information specific to your vehicle. Just a heads-up, though, the examples provided may not include all instances of excessive damage that could subject you to additional charges based on the terms of your lease agreement. ",PDF_ATTACHMENT,https://www.toyotafinancial.com/us/en/end_of_lease_options/wear_and_use.html
2317,Can I make repairs to my lease vehicle so I dont incur wear and use charges?," Of course. In fact, we encourage you to schedule a courtesy pre-inspection 1 and to review the [Wear and Use Guidelines](https://www.toyotafinancial.com/content/dam/nextgen-shared/lease-end/TFS_Lease-End_Guide_feb2020.pdf) to see whether your vehicle has wear and use that is considered excessive. If repair work is needed and youd like to make repairs prior to turning in the vehicle, your local Toyota dealer is a great option to assist you. Be sure to keep all of your receipts for repairs made and review your insurance policy to see if any items may be covered. If your damages exceeding normal wear and use arent repaired, it can result in charges at lease termination. 2 All charges may be subject to sales tax. 1 Courtesy pre-inspection available to lease customers who do not reside in Hawaii or whose leases did not originate in New Hampshire or Wisconsin. 2 If repairs are made to your vehicle, you or the dealer may request an inspection upon turn-in. Under certain circumstances, TFS does not charge its lease customers for excess wear and use damage. See your lease agreement for additional information. ",PDF_ATTACHMENT,https://www.toyotafinancial.com/us/en/end_of_lease_options/wear_and_use.html
2318,What is a courtesy pre-inspection?, A courtesy pre-inspection by your Toyota dealer assesses the condition of your vehicle and provides an estimate of wear and use charges that could be due at leas-end. 1 1 Courtesy pre-inspection available to lease customers who do not reside in Hawaii or whose leases did not originate in New Hampshire or Wisconsin. ,DIRECT_TEXT,https://www.toyotafinancial.com/us/en/end_of_lease_options/wear_and_use.html
2319,How do I schedule a courtesy pre-inspection?, You can contact your originating dealer or any Toyota dealer to determine if they can conduct a courtesy pre-inspection and schedule an appointment. 1 We recommend completing this within 60 days before your vehicle return. 1 Courtesy pre-inspection available to lease customers who do not reside in Hawaii or whose leases did not originate in New Hampshire or Wisconsin. ,DIRECT_TEXT,https://www.toyotafinancial.com/us/en/end_of_lease_options/wear_and_use.html
2320,What do I need for my courtesy pre-inspection and lease return appointments?,"Vehicle keys
Toolkit and spare tire
Owner's Manual
Original Equipment",DIRECT_TEXT,https://www.toyotafinancial.com/us/en/end_of_lease_options/wear_and_use.html
2321,What should I do after my courtesy pre-inspection?," After your courtesy pre-inspection, you can discuss the inspection report immediately with the dealer in person. You can also access the report via the Document Center on our mobile app or at toyotafinancial.com. You can make repairs before turning in your vehicle-just be sure to keep receipts for your records. ",DIRECT_TEXT,https://www.toyotafinancial.com/us/en/end_of_lease_options/wear_and_use.html
2322,What if I purchased Excess Wear & Use Protection?,"If you purchased Excess Wear & Use Protection, you should be in great shape to avoid most charges, and heres what youre covered for:
Each eligible event valued at $1,000 or less Each eligible missing part or equipment valued at $200 or less Up to $5,000 in excess wear and use charges
If you didnt purchase Excess Wear & Use Protection, well still be here to help. Our biggest recommendation would be to call and schedule a courtesy pre-inspection1. That way you can fix any damage and there wont be surprises at lease-end.
1Courtesy pre-inspection available to lease customers who do not reside in Hawaii or whose leases did not originate in New Hampshire or Wisconsin.",DIRECT_TEXT,https://www.toyotafinancial.com/us/en/end_of_lease_options/wear_and_use.html
2323,Should I schedule a courtesy pre-inspection?,"If you think you may have excessive wear and use, then scheduling a courtesy pre-inspection1 is a smart idea.
1Courtesy pre-inspection available to lease customers who do not reside in Hawaii or whose leases did not originate in New Hampshire or Wisconsin.
Benefits of a courtesy pre-inspection:
Knowing the condition of your vehicle before the end of your lease allows you to make well-informed decisions Discussing the vehicle condition with your dealer may be beneficial in helping make your lease-end decision Detailed condition reports, itemizing any estimated excess wear and use fees, are available immediately after your inspection. You can discuss the inspection report with the dealer and access it via the Document Center on our mobile app or at toyotafinancial.com",DIRECT_TEXT,https://www.toyotafinancial.com/us/en/end_of_lease_options/wear_and_use.html
2324,What do I need for my courtesy pre-inspection and lease return appointments?,"Vehicle keys
Toolkit and spare tire
Owner's Manual
Original Equipment",DIRECT_TEXT,https://www.toyotafinancial.com/us/en/end_of_lease_options/return_your_vehicle.html
2325,What is credit?,"Say you want to purchase or lease a car, but dont have enough money to pay for it all at once. Enter credit. Credit allows customers to take possession of something, in our case a vehicle, before it is fully paid. A financial institution extends credit for the item, on the expectation that payment will be completed in the future. With credit through Toyota Financial Services, you can either finance (make monthly payments on an amount borrowed to pay for the purchase) or lease (pay for the use of a vehicle for a set period of time plus any lease charges).",DIRECT_TEXT,https://www.toyotafinancial.com/us/en/financing_options/understanding_credit.html
2326,What is a FICO score and how can I find out more about my credit rating?,"Equifax
Experian
TransUnion
Innovis",DIRECT_TEXT,https://www.toyotafinancial.com/us/en/planning_tools/faq/about_credit/what_is_a_fico_score_and_how_can_i_find_out_more_about_my_credit_rating.html
2327,Im a current college student. Do I need a co-buyer or lessee to finance or lease a Toyota?," If you meet our criteria as a current college student or recent graduate, you can qualify for TFS College Finance and Lease Programs and wont need a co-buyer. ",DIRECT_TEXT,https://www.toyotafinancial.com/us/en/planning_tools/faq/about_credit/do_i_need_a_cobuyer_or_lessee_to_finance_or_lease_a_toyota.html
2328,Where can I learn about the Toyota Rewards Visa?," The Toyota Rewards Visa is offered through Comenity Capital Bank. To learn more and apply, visit the Toyota Rewards Visa website . ",LINK_OUT,https://www.toyotafinancial.com/us/en/planning_tools/faq/about_credit/where_can_i_learn_about_the_toyota_rewards_visa.html
2329,How can I submit a dispute about incorrect credit information reported to the credit bureaus?," If you believe we reported incorrect or incomplete information about you to a credit bureau, write us at P.O. Box 661009, Dallas, TX, 75265. Identify the information and tell us why you believe it is incorrect or incomplete. If you have a copy of the credit report which shows the disputed information, please include a copy in your correspondence to us. ",DIRECT_TEXT,https://www.toyotafinancial.com/us/en/planning_tools/faq/about_credit/how_can_i_submit_a_dispute_about_incorrect_credit_information_reported_to_the_credit_bureaus.html
2330,How can a late payment affect my credit score?," Missing a payment, or paying beyond your due date, can hurt your credit score. As a credit reporter to the Credit Reporting Agencies (CRAs), we are required, per the Fair Credit Reporting Act, to report your pay history accurately. If your payment is more than 30 days beyond your due date, we may report this to the CRAs, meaning the late payment could appear on your credit reports. A CRA generally can report most negative information for seven years. Payment history reported to the CRAs becomes part of your overall credit report. The CRAs use your credit history to develop a credit score. Your credit score is then used by creditors to make decisions surrounding whether to extend you credit. Even one late payment may have negative consequences to your credit score. ",DIRECT_TEXT,https://www.toyotafinancial.com/us/en/planning_tools/faq/about_credit/how_can_a_late_payment_affect_my_credit_score.html
2331,What is Toyota Financial Services?," Toyota Financial Services (TFS) is the finance brand for Toyota in the United States, offering retail auto financing and leasing through participating dealers and Toyota Motor Credit Corporation (TMCC) and Toyota Lease Trust. TFS also offers vehicle and payment protection products through participating dealers and Toyota Motor Insurance Services (TMIS) and its subsidiaries. ",DIRECT_TEXT,https://www.toyotafinancial.com/us/en/planning_tools/faq/about-tfs/what_is_toyota_financial_services.html
2332,How does TFS relate to Toyota Motor Corporation and Toyota Motor Insurance Services?," TFS is a service mark of both TMCC and TMIS. As a brand name, TFS markets finance products offered through TMCC, and vehicle and payment protection products offered through participating dealers and TMIS and its subsidiaries. ",DIRECT_TEXT,https://www.toyotafinancial.com/us/en/planning_tools/faq/about-tfs/how_does_tfs_relate_to_toyota_motor_corporation_and_toyota_motor_insurance_services.html
2333,I am an investor looking for more information. Who can I contact?," For more information about investment opportunities, please visit our [investor relations](/us/en/investor_relations/about_toyota.html) section, or [contact us](/us/en/contact_us.html) for assistance. ",LINK_OUT,https://www.toyotafinancial.com/us/en/planning_tools/faq/about-tfs/i_am_an_investor_looking_for_more_information_who_can_i_contact.html
2334,What is changing and why?,"Improved site navigation that thoughtfully arranges your account features and a reimagined dashboard making it easier to find what you’re looking for.
An Express Payment option on the dashboard allowing you to finalize your payment with a single click.
Easy access to your payoff quote or lease-end options directly from the dashboard.
A new payment experience, which makes it easier to schedule and manage your payments from the website or mobile app.",DIRECT_TEXT,https://www.toyotafinancial.com/us/en/planning_tools/faq/about_this_website/What_is_changing_and_why.html
2335,Who can I contact about problems with the TFS site?," If you have any trouble with our website, please contact our [Customer Service Team](/us/en/contact_us.html) for help. ",DIRECT_TEXT,https://www.toyotafinancial.com/us/en/planning_tools/faq/about_this_website/who_can_i_contact_about_problems_with_the_tfs_site.html
2336,How do you use the information I provide on this site?," We may share personally identifiable information (e.g., name, mailing address, email address) with other companies in the Toyota family and with our business partners (including Toyota dealers), to help serve you better. Please read our [Privacy Policy](/us/en/online_policies_and_agreements.html) for more information. ",DIRECT_TEXT,https://www.toyotafinancial.com/us/en/planning_tools/faq/about_this_website/how_do_you_use_the_information_i_provide_on_this_site.html
2337,How can I view certificates or PDF documents on this website?,"Open Internet Explorer web browser
Click on the “Tools” option on the menu bar
Click “Internet options” at the bottom of the drop-down menu
In the “Internet Options” window, click on the “Content” tab
Click on the “Certificates” button, then click the “Trusted Publishers” tab
Locate the certificate issued to TFS and issued by VeriSign Class 3 Secure Server
Open Mozilla Firefox web browser
Type in the URL ""https://www.toyotafinancial.com""
Click on the lock to the left of the URL
Click the arrow to the right of ""www.toyotafinancial.com""
It should indicate that the certificate is verified by Symantec Corporation
Open Google Chrome web browser
Type in the URL ""https://www.toyotafinancial.com""
Click on the three-dot menu in the upper right of the browser
Scroll down to “More tools,” then click “Developer tools”
Click the “Security” tab
Click the “View Certificate “ button
The popup should indicate that the certificate is issued by Symantec Class 3 Secure Server CA – G4",DIRECT_TEXT,https://www.toyotafinancial.com/us/en/planning_tools/faq/about_this_website/how_can_i_view_certificates_or_pdf_documents_on_this_website.html
2338,What types of system requirements and browser settings are needed for this site?," To properly view and use the TFS website, you will need to have cookies and (active) JavaScript enabled on your browser. In addition, here are some minimum system requirements: Operating systems: PC: Microsoft Windows 7 or higher Mac: OS X 10.6 or higher Browsers: Google Chrome Version 41 or higher Microsoft Internet Explorer 9.0 or higher (Windows only) Mozilla Firefox Version 38 or higher Apple Safari Version 6.1 or higher (OS X only) Devices: Windows PC (desktop, laptop) Mac (desktop, laptop) Apple (iPad, iPhone) Android (tablet, phone) Processor: 1 GHz or faster Display: 32-bit color depth recommended (PC Mac) Memory: 512 MB or more RAM Internet Connection: 256 K or faster (broadband recommended) Software: 256 K or faster (broadband recommended) ",DIRECT_TEXT,https://www.toyotafinancial.com/us/en/planning_tools/faq/about_this_website/what_types_of_system_requirements_and_browser_settings_are_needed_for_this_site.html
2339,How secure is the TFS website?," As a financial services company, TFS works hard to protect your privacy and security. We have adopted technology and security standards widely used throughout the online banking industry. Your account information is encrypted for additional security. Please read our [Privacy Policy](/us/en/online_policies_and_agreements.html) for more information. ",DIRECT_TEXT,https://www.toyotafinancial.com/us/en/planning_tools/faq/about_this_website/how_secure_is_the_tfs_website.html
2340,What is your privacy policy?, Our full privacy policies are available for you to read online. [Online Policies Agreements](/us/en/online_policies_and_agreements.html) ,DIRECT_TEXT,https://www.toyotafinancial.com/us/en/planning_tools/faq/about_this_website/what_is_your_privacy_policy.html
2341,Do you have an online glossary with the terms used on this website?," We do. Please take a look at our [Glossary](/us/en/glossary.html) for definitions of terms you may not be familiar with. If the term youre looking for is not listed, feel free to [contact us](/us/en/contact_us.html). ",DIRECT_TEXT,https://www.toyotafinancial.com/us/en/planning_tools/faq/about_this_website/do_you_have_an_online_glossary_with_the_terms_used_on_this_website.html
2342,Do you use personal financial services such as mint.com to aggregate your Toyota Financial Services (TFS) account?," As a valued Toyota Financial Services (TFS) customer, your privacy and security of your personal information is important us. As you are aware we have strengthened the security controls around customer authentication to include multi factor authentication. You may find it difficult or unable to log in if you use personal financial service providers such as mint.com to aggregate your financial information. Some of these personal financial service providers have not changed their procedures to account for TFS security improvements. This has resulted in account lock outs due to multiple log in attempts made on your behalf by the personal finance service providers. If you wish to allow such sites to access your TFS account, please reset or refresh your login information directly with your personal financial services site. We apologize for any inconvenience this may cause. Rest assured you can always access your account directly through toyotafinancial.com or our myTFS mobile app. ",PORTAL_REDIRECT,https://www.toyotafinancial.com/us/en/planning_tools/faq/account_access_and_password/do_you_use_personal_financial_services_such_as_mintcom_to_aggregate_your_toyota_financial_services_tfs_account.html
2343,Why do I continue to receive a verification code when I use a personal financial services site?," A verification code may have been initiated by your personal financial services site in an attempt to access and aggregate your account information. If you wish to allow such sites to access your TFS account, please reset or refresh your login information directly with your personal financial services site. ",PORTAL_REDIRECT,https://www.toyotafinancial.com/us/en/planning_tools/faq/account_access_and_password/why_do_i_continue_to_receive_a_verification_code_when_i_use_a_personal_financial_services_site.html
2344,I forgot my password. How can I get a new one?," If you go to log in to the TFS website and you have forgotten your password, you can create a new one by simply clicking on [Forgot Your Password?](https://www.toyotafinancial.com/pub/w/forgot_password) below the Password text box. From there, you will be asked to enter your username, answer security questions, or provide some specific account information. If the information you enter matches what we have on record, you should be able to reset your password. Once your password has been reset, youll get an email letting you know that your password has been successfully changed. ",PORTAL_REDIRECT,https://www.toyotafinancial.com/us/en/planning_tools/faq/account_access_and_password/i_forgot_my_password_how_can_i_get_a_new_one.html
2345,How can I change my password?,"Log in to the website
Select “My Profile” from the top navigation bar
Select “Password” from the center of the page
Update your password
Click the ""Confirm"" button",DIRECT_TEXT,https://www.toyotafinancial.com/us/en/planning_tools/faq/account_access_and_password/how_can_i_change_my_password.html
2346,Why do I keep getting logged out of my account?," As a security measure, you will be logged out of the website after 5 minutes. ",DIRECT_TEXT,https://www.toyotafinancial.com/us/en/planning_tools/faq/account_access_and_password/why_do_i_keep_getting_logged_out_of_my_account.html
2347,What is Multi-Factor Authentication?," TFS uses multi-factor authentication (MFA) to help us verify your identity. MFA is an authentication method used to help prevent unauthorized access to your account by relying on two or more independent factors to verify your identity. With MFA in place, end users are required to supply two or more independent factors to verify your identity. For example, you may be asked to enter your password and a verification code. A verification code is a one-time use code that we send to you by email, text or phone call. For additional security, you may choose to receive a verification code each time you login. You may choose to add this two step verification process when you register your account or anytime from the Profile/Security settings within your account. Although this two step verification process is optional, we may still require a verification code at login in certain instances such as if your risk profile is high, based on your typical login and usage profile and/or you have indicated that you are sharing your device with others. ",DIRECT_TEXT,https://www.toyotafinancial.com/us/en/planning_tools/faq/account_access_and_password/what_is_multi_factor_authentication.html
2348,What is the best way to protect my accounts password?," 1. Dont use anything that contains the word password, your name, your spouses name, your childs name, your pets name, or a combination of numbers that are easy to guess, such as 12345678 2. Create unique and unusual passwords with lowercase and uppercase letters, characters, and numbers 3. Check your passwords strength 4. Change your password regularly 5. Dont use the password you use for email, social media or other websites or apps 6. Dont share your password with anyone 7. Always log out of your account ",DIRECT_TEXT,https://www.toyotafinancial.com/us/en/planning_tools/faq/account_access_and_password/what_is_the_best_way_to_protect_my_account_s_password.html
2349,Why do I have to enter a verification code?, We send verification codes to you via your email or phone as another layer of security to verify your identity and ensure that only you have access to your account. ,DIRECT_TEXT,https://www.toyotafinancial.com/us/en/planning_tools/faq/account_access_and_password/Why_do_i_have_to_enter_a_verification_code.html
2350,What can I do to protect my TFS account?,"Change your Username and Passwords regularly
Log out after using the TFS website or app
Clear your web browser’s cache to ensure no else can view your information
Do not respond to TFS-branded emails you think may be fraudulent (NOTE: TFS will never send you an email asking for personal information)
Never share personal information such as your SSN, account number, or password with an unauthorized or suspicious entity.
If you suspect a breach of security regarding your TFS account, contact our Customer Service Center",DIRECT_TEXT,https://www.toyotafinancial.com/us/en/planning_tools/faq/account_access_and_password/what_can_i_do_to_protect_my_tfs_account.html
2351,I have more than one TFS retail or lease account. Why arent all of my accounts showing?,"Log in to your account
From the “Dashboard,” click “Add Account” from the top right corner
Select the account you want to add
Click the “Add Account” button",DIRECT_TEXT,https://www.toyotafinancial.com/us/en/planning_tools/faq/account_details/i_have_more_than_one_tfs_finance_or_lease_account_why_are_not_all_of_my_accounts_showing.html
2352,I dont think the information in my contract details is accurate. Who can I contact for help?," For information about contract details or any questions about your account, please contact our [Customer Service Team](/us/en/contact_us.html). ",DIRECT_TEXT,https://www.toyotafinancial.com/us/en/planning_tools/faq/account_details/i_do_not_think_the_information_in_my_contract_details_is_accurate_who_can_i_contact_for_help.html
2353,"How can I change the details on my account, including my name and address?","Log in to the website
Select “Menu” from the top navigation bar
Select ”Personal Information"" under Support Center
Select “Edit"" Primary or Billing address
Select ""Save"" to save changes",DIRECT_TEXT,https://www.toyotafinancial.com/us/en/planning_tools/faq/account_details/how_can_i_change_the_details_on_my_account_including_my_name_and_address.html
2354,How can I see my transaction history?,"Log in to the website
From your Dashboard, scroll down the page and click “View All Transactions""",DIRECT_TEXT,https://www.toyotafinancial.com/us/en/planning_tools/faq/account_details/how_can_i_see_my_account_history.html
2355,I am the appointed Estate Administrator for a decedent who financed their vehicle through TFS. There is an outstanding balance on the account. What are my options for closing the account?," Please contact our [Customer Service Team](/us/en/contact_us.html), who can help you determine the best solution. ",DIRECT_TEXT,https://www.toyotafinancial.com/us/en/planning_tools/faq/account_details/i_am_the_appointed_estate_administrator_for_a_decedent_who_financed_their_vehicle_through_tfs_there_is_an_outstanding_balance_on_the_account_what_are_my_options_for_closing_the_account.html
2356,Do you allow personal financial services sites like Mint.com to access my TFS account?," We respect your privacy and the confidential nature of the information that we gather in working with you. Thats why our website and security protocols are designed to protect your personally identifiable information. Because we dont have agreements with third-party websites like Mint, we cant ensure that their services are compatible with our legal and security requirements. Any enhancements made to the TFS websites or security, including measures to protect and secure your information, may mean that third-party services can no longer access our systems. We apologize for any inconvenience this may cause. You can always access your account through toyotafinancial.com or our myTFS mobile app. ",PORTAL_REDIRECT,https://www.toyotafinancial.com/us/en/planning_tools/faq/account_details/do_you_allow_personal_financial_services_sites_like_mint_com_to_access_my_tfs_account.html
2357,What should I do if I receive a message asking for more information to process my registration?," Please confirm you have entered all information correctly. If you have a billing statement, enter the information exactly as it appears on your statement. If you need additional assistance, please contact our [Customer Service Team](/us/en/contact_us.html). ",DIRECT_TEXT,https://www.toyotafinancial.com/us/en/planning_tools/faq/account_registration/what_should_i_do_if_i_receive_a_message_asking_for_more_information_to_process_my_registration.html
2358,Why do I get a message saying my email address is already in use when I attempt to register for account access?," The email address you entered may have been previously used by you or by another customer to register for account access. Your email address is our primary point of contact with you for account-related issues and questions, so its particularly important that your email address be valid and unique. You will receive all Pay Online correspondence at the Account Management email address you choose. ",DIRECT_TEXT,https://www.toyotafinancial.com/us/en/planning_tools/faq/account_registration/why_do_i_get_a_message_saying_my_email_address_is_already_in_use_when_i_attempt_to_register_for_account_access.html
2359,What should I do if I do not receive my monthly statement?," If you dont receive your monthly statement within a reasonable time period, feel free to mail your payment without it. Billing statements are printed and mailed about 17 days prior to the date your payment is due. If youd like a copy of your billing statement, log in to your account and from your Dashboard, scroll down the page and click Billing Statements. Download up to 13 months of your statements. Payment addresses: Finance: Toyota Financial Services P.O. Box 94305 Palatine, IL 60094-4305 Lease: Toyota Financial Services P.O. Box 94316 Palatine, IL 60094-4316 Note: If your account is through Toyota Credit de Puerto Rico, you will not be able to receive a paper statement. Please contact Toyota Credit de Puerto Rico at www.toyotafinancialpr.com or call [1-800-469-5214](tel:18004695214). ",PHONE_ESCALATION,https://www.toyotafinancial.com/us/en/planning_tools/faq/billing/what_should_i_do_if_i_do_not_receive_my_monthly_statement.html
2360,How do I request a due date change?,"Log in to the website
Select “Menu” from the top navigation bar
Select “Due Date Change request” under Support Center",DIRECT_TEXT,https://www.toyotafinancial.com/us/en/planning_tools/faq/billing/how_do_i_request_a_due_date_change.html
2361,What is included in my billing statement?, [Click here](https://www.toyotafinancial.com/content/dam/tmcc-webcommons/toyotafinancial/videos/How_to_Read_TFS_Billing_Statement.mp4) to understand your billing statement and how to access it online. ,VIDEO,https://www.toyotafinancial.com/us/en/planning_tools/faq/billing/what_is_included_in_my_billing_statement.html
2362,How can I view my electronic (paperless) billing statements online? How long are they available to view online?,"Log in to the website
From your Dashboard, scroll down the page to Billing Statements
Select “View All Statements” to view all available statements",DIRECT_TEXT,https://www.toyotafinancial.com/us/en/planning_tools/faq/billing/how_can_i_view_my_electronic_paperless_billing_statements_online_how_long_are_they_available_to_view_online.html
2363,Is there a fee for electronic (paperless) billing statements?," No, there is no cost to receive paperless billing statements. ",DIRECT_TEXT,https://www.toyotafinancial.com/us/en/planning_tools/faq/billing/is_there_a_fee_for_electronic_paperless_billing_statements.html
2364,Why do I no longer receive paper billing statements now that I have chosen to view my billing statements through my bank or other online bill pay service provider (eBill)?," If you chose to view your billing statements through your online bill pay service provider, we stop sending your paper billing statements. ",DIRECT_TEXT,https://www.toyotafinancial.com/us/en/planning_tools/faq/billing/why_do_i_no_longer_receive_paper_billing_statements_now_that_i_have_chosen_to_view_my_billing_statements_through_my_bank_or_other_online_bill_pay_service_provider_ebill.html
2365,I have been receiving electronic (paperless) billing statements for the past 3 months. Why did I receive a paper billing statement in the mail this month?," It may be that your account is past due, or that the total amount due on your electronic (paperless) billing statement differs from your monthly payment amount, which will result in a paper billing statement. If you think your paper billing statement was sent in error, please contact our [Customer Service Team](/us/en/contact_us.html) for assistance. ",DIRECT_TEXT,https://www.toyotafinancial.com/us/en/planning_tools/faq/billing/i_have_been_receiving_electronic_paperless_billing_statements_for_the_past_3_months_why_did_i_receive_a_paper_billing_statement_in_the_mail_this_month.html
2366,I recently moved to another state. How do I change the license plate (title) and registration on the vehicle I leased through TFS?," Most states require that your vehicle be re-titled, and all states require that your vehicle be re-registered in your new state. Please contact your state or county titling authority to determine the specific requirements in your area. Let them know that you have a leased vehicle, and provide us with written information about your local titling authoritys requirements. Toyota Motor Credit Corporation (TMCC) or Toyota Lease Trust (TLT) must be listed as legal owner and/or lessor of the vehicle on all title and registration paperwork. You are responsible to pay all fees and expenses associated with this transaction. If the vehicle must be re-titled, the state generally requires that the title-holder submit the original title in order to secure a new Certificate of Title. If TMCC or TLT holds the title, your local titling authority sends us (or provides you with) a request that TMCC forward the title to them. You also need a Power of Attorney to re-title your vehicle. Please contact us at the number below to request this document. In case your local titling authority needs to contact us, here is the contact information to use: Toyota Motor Credit Corporation P.O. Box 105386 Atlanta, GA 30348-5386 Phone: [1-800-874-8822](tel:18008748822) ",PHONE_ESCALATION,https://www.toyotafinancial.com/us/en/planning_tools/faq/billing/i_recently_moved_to_another_state_how_do_i_change_the_license_plate_title_and_registration_on_the_vehicle_i_leased_through_tfs.html
2367,What is available through business solutions and what types of businesses are eligible?," TFS Business Solutions offers vehicle financing programs and services, including vehicle and payment protection products available for businesses through participating Toyota dealers and Toyota Financial Services. Our products and services are designed to help meet the unique needs of business customers, including vehicle credit lines, consolidated billing statements, and specialized customer service. Any small- to medium-sized businesses doing business as legal entities (e.g., corporation, general partnership, limited partnership, limited liability company, etc.) or sole proprietorships are eligible for the program. Note : To view PDF documents, you need to install the free Adobe Acrobat Reader DC on to your computer. ",PDF_ATTACHMENT,https://www.toyotafinancial.com/us/en/planning_tools/faq/business_solutions/what_is_available_through_business_solutions_and_what_types_of_businesses_are_eligible.html
2368,What type of documentation do I need to qualify?," Youll need a completed credit application and other documentation for verification and financial review purposes for both the business and owners/co-signers, as applicable. Some applications are subject to further consideration, and additional information, such as tax returns and financial statements, may be required. ",DIRECT_TEXT,https://www.toyotafinancial.com/us/en/planning_tools/faq/business_solutions/what_type_of_documentation_do_i_need_to_qualify.html
2369,Do I need to own a large fleet of vehicles to be eligible?, No. Theres no need to have a large fleet to be eligible for the program. ,DIRECT_TEXT,https://www.toyotafinancial.com/us/en/planning_tools/faq/business_solutions/do_i_need_to_own_a_large_fleet_of_vehicles_to_be_eligible.html
2370,I have several business vehicles financed with TFS and I receive separate statements each month with different due dates. How can I combine these bills into one?, Contact the TFS Business Solutions Group at [1-866-935-3388](tel:18669353388) and request Consolidated Billing. They can work with you to consolidate multiple statements into one monthly statement. ,PHONE_ESCALATION,https://www.toyotafinancial.com/us/en/planning_tools/faq/business_solutions/i_have_several_business_vehicles_financed_with_tfs_and_i_receive_separate_statements_each_month_with_different_due_dates_how_can_i_combine_these_bills_into_one.html
2371,Who can I contact for more information?, Your local Toyota dealer can provide you with more information about the TFS Business Solutions program. ,DIRECT_TEXT,https://www.toyotafinancial.com/us/en/planning_tools/faq/business_solutions/who_can_i_contact_for_more_information.html
2372,What is the 2023 bZ4X?," Toyotas all-electric bZ4X represents the first of a global series of battery-electric vehicles under the global Toyota bZ  Beyond Zero  brand umbrella. The bZ4X is offered in two grades, XLE and Limited. An at-home charging station option will be available. ",DIRECT_TEXT,https://www.toyotafinancial.com/us/en/planning_tools/faq/bZ4X/what_is_the_2023_bZ4X.html
2373,Who can answer questions about the charging station?, [ChargePoint](https://www.chargepoint.com/) is the company that manufacturers the charging station. Customer assistance is available 24/7 at 888-758-4389. ,PHONE_ESCALATION,https://www.toyotafinancial.com/us/en/planning_tools/faq/bZ4X/who_can_answer_questions_about_the_charging_station.html
2374,Does the home charger come with the vehicle?,"For retail purchase, the charger is treated as an accessory with the associated cost included in the total amount financed.
For lease purchase, the charger is treated as an itemized accessory with amount included in the gross capitalized cost.",DIRECT_TEXT,https://www.toyotafinancial.com/us/en/planning_tools/faq/bZ4X/does_the_home_charger_come_with_the_vehicle.html
2375,Does the customer need to purchase a ChargePoint charger?," No. There are more than 48,000 public charging stations worldwide. Plus, the bZ4X is equipped standard with the necessary hardware for Level 1 at-home charging. Note : Level 1 charging can be time consuming. Toyota is partnering with ChargePoint for faster at-home Level 2 charging capabilities. ",DIRECT_TEXT,https://www.toyotafinancial.com/us/en/planning_tools/faq/bZ4X/does_the_customer_need_to_purchase_a_ChargePoint_charger.html
2376,What do BEV (battery electric vehicle) charger levels mean?,"Level 1 – Uses standard 120V power commonly available in residential homes. This method can take a day or days to fully charge a BEV.
Level 2 – Often referred to as a “charging station” which can be portable but is typically mounted on a wall. This requires installation by a licensed electrician. A BEV can be charged overnight via Level 2.
Level 3 – This is a high-power charging which can typically charge a BEV in an hour or less. Level 3 is not viable for residential installation.",DIRECT_TEXT,https://www.toyotafinancial.com/us/en/planning_tools/faq/bZ4X/what_do_bev_charger_levels_mean.html
2377,What is the charging power of the charging station?," The ChargePoint Home Flex is a Level 2, 240V, 16- to 50-amp flexible amperage home EV charger. Dealers have the option of selling a Level 2 charger directly to customers. ",DIRECT_TEXT,https://www.toyotafinancial.com/us/en/planning_tools/faq/bZ4X/what_is_the_charging_power_of_the_charging_station.html
2378,Are ChargePoint chargers under TFS warranty?," No. ChargePoint chargers are not a Toyota qualified accessory; therefore, they are not eligible. All warranty and service needs are handled directly through ChargePoint. ",DIRECT_TEXT,https://www.toyotafinancial.com/us/en/planning_tools/faq/bZ4X/are_chargepoint_chargers_under_TFS_warranty.html
2379,Which Toyota Protection Products are available for the bZ4X?," Vehicle Service Agreement (Platinum and Lease Wear coverage), Prepaid Maintenance, Guaranteed Auto Protection, Tire Wheel Protection, Key Replacement, and Excess Wear Use. See [bZ4X](/content/dam/tmcc-webcommons/toyotafinancial/documents/planning_tools/FAQS/TFS_BEV_VPP.pdf) flyer for additional details. Please visit your dealer to purchase Toyota Protection Products. ",PDF_ATTACHMENT,https://www.toyotafinancial.com/us/en/planning_tools/faq/bZ4X/which_toyota_protection_products_are_available_for_the_bZ4X.html
2380,What is Consent to Electronic Communications and Agreements?," The Consent to Electronic Communications and Agreements means that you, as a TFS customer, agree to conduct business with TFS via electronic channels, such as the TFS website. A simple analogy would be using a pen to sign documents. ",DIRECT_TEXT,https://www.toyotafinancial.com/us/en/planning_tools/faq/consent_to_electronic_communications_and_agreements/what_is_consent_to_electronic_communications_and_agreements.html
2381,Are all TFS customers required to agree to the Consent to Electronic Communications and Agreements? What if I dont agree?,"If you are enrolled in Pay Online, it will be cancelled
Any scheduled Pay Online payments not pending will be cancelled
If you were enrolled in paperless billing statements, you will be de-enrolled and paper billing statements will be mailed to you.
Online management of Privacy Choices and Marketing Preferences will not be available
Online account Servicing Features will not be accessible",DIRECT_TEXT,https://www.toyotafinancial.com/us/en/planning_tools/faq/consent_to_electronic_communications_and_agreements/are_all_tfs_customers_required_to_agree_to_the_consent_to_electronic_communications_and_agreements_what_if_i_dont_agree.html
2382,What if I accidentally decline the Consent to Electronic Communications and Agreements and de-enroll?," If youd like to regain access to your account, youll need to go through the online registration process again and agree to the Consent to Electronic Communications and Agreements. ",DIRECT_TEXT,https://www.toyotafinancial.com/us/en/planning_tools/faq/consent_to_electronic_communications_and_agreements/what_if_i_accidentally_decline_the_consent_to_electronic_communications_and_agreements_and_deenroll.html
2383,What is Pay Online and how can I enroll?," Pay Online is a flexible and convenient electronic payment method that allows you to schedule, view, update, or cancel payments, and check the payment processing status on our website. Customers can also schedule one-time payments and recurring payment profiles. By registering on our website, you were automatically enrolled in Pay Online. To make payments or view payment details, youll need to add a bank account. ",DIRECT_TEXT,https://www.toyotafinancial.com/us/en/planning_tools/faq/enrolling_in_pay_online/what_is_pay_online_and_how_can_i_enroll.html
2384,Will I receive my billing statements electronically after I enroll in Pay Online or will I continue to receive my statements in the mail?," You will continue to receive paper billing statements in the mail until you enroll in Paperless. To enroll, simply log in to your account and click My Profile, then Paperless. Please note that once a customer registers on our website, they are automatically enrolled in Pay Online. ",DIRECT_TEXT,https://www.toyotafinancial.com/us/en/planning_tools/faq/enrolling_in_pay_online/will_i_receive_my_billing_statements_electronically_after_i_enroll_in_pay_online_or_will_i_continue_to_receive_my_statements_in_the_mail.html
2385,Can I use Pay Online if my billing statement is unavailable?," Yes. You can use Pay Online to submit a payment even if your billing statement is not available to view online. If you are unsure of how much you currently owe, log in to your account and you will see Amount Due on your Dashboard. Note : If your account is through Toyota Credit de Puerto Rico Corp, you will not be able to receive a paper billing statement. ",DIRECT_TEXT,https://www.toyotafinancial.com/us/en/planning_tools/faq/enrolling_in_pay_online/can_i_use_pay_online_if_my_billing_statement_is_unavailable.html
2386,How soon are billing statements posted online?," Each statement is typically available to view 17 days before the payment due date. Paper billing statements are formatted as PDF documents. To view PDF documents, you need to install the free Adobe Acrobat Reader DC on to your computer. ",PDF_ATTACHMENT,https://www.toyotafinancial.com/us/en/planning_tools/faq/enrolling_in_pay_online/why_does_the_statements_and_documents_page_say_that_the_information_is_not_real_time.html
2387,Is there a fee for using Pay Online?," No. Pay Online is a free service for all of our customers. However, we recommend that you contact your bank about any fees they might impose for transferring electronic funds. ",DIRECT_TEXT,https://www.toyotafinancial.com/us/en/planning_tools/faq/enrolling_in_pay_online/is_there_a_fee_for_using_pay_online.html
2388,Which operating systems and browsers are compatible with Pay Online?,"Microsoft Windows 7 or higher
Apple Mac OS X 10.6 or higher
Mozilla Firefox, Version 38.0 or higher
Microsoft Internet Explorer 9 or higher
Apple Safari, Version 6.1 or higher
Google Chrome, Version 41 or higher",DIRECT_TEXT,https://www.toyotafinancial.com/us/en/planning_tools/faq/enrolling_in_pay_online/which_operating_systems_and_browsers_are_compatible_with_pay_online.html
2389,What types of bank accounts can I use to make payments and what are my payment options?," You can make payments from your checking account, as well as certain types of savings accounts from financial institutions that conduct business using U.S. currency. To add your bank account information, have your financial institutions routing number and your bank account number handy. Most financial institutions such as banks, credit unions, and savings and loan institutions will allow you to make payments online. If you are uncertain, contact your financial institution to learn more. Once your bank account has been added, you can choose to make One-Time Payments or Recurring Payments . You may set up your Recurring Payment Schedule for monthly or weekly payments. ",LINK_OUT,https://www.toyotafinancial.com/us/en/planning_tools/faq/enrolling_in_pay_online/what_types_of_bank_accounts_can_i_use_to_make_payments_and_what_are_my_payment_options.html
2390,How do I add a bank account to Pay Online?,"Log in to your account
From your “Dashboard”, click the “Make A Payment” button
Click through to the “Bank Information” page
You will be prompted to “Add Bank Information”
Enter your first and last name, the last 4 digits of your SSN, Bank Account Type, ABA Routing Number, Bank Account Nickname and Bank Account Number
Check the box verifying you are authorized to use the bank account
Click the “Continue” button
Verify the information entered
Click the “Edit” button to make changes, or the “Confirm” button if the information you entered is correct
Upon confirmation, you will see a message, congratulating you for successfully adding a bank account",DIRECT_TEXT,https://www.toyotafinancial.com/us/en/planning_tools/faq/enrolling_in_pay_online/how_do_i_add_a_bank_account_to_pay_online.html
2391,What is an ABA routing number?," An ABA routing number (also known as a Routing Transit number) is an identification number, assigned to a financial institution and each of its branch offices that helps to speed up the processing of transfers. ",DIRECT_TEXT,https://www.toyotafinancial.com/us/en/planning_tools/faq/enrolling_in_pay_online/what_is_an_aba_routing_number.html
2392,What is an extension and does TFS offer extensions?," An extension is a change in payment terms on a Retail Installment Contract where a scheduled payment may be moved to the end of the contract upon approval by Toyota Financial Services (TFS). We do offer extensions, but they require evaluation and approval, and may come with additional finance charges. Please contact our [Customer Service Team](/us/en/contact_us.html) to discuss your situation and make arrangements. ",DIRECT_TEXT,https://www.toyotafinancial.com/us/en/planning_tools/faq/extension_and_deferral/what_is_an_extension_and_does_tfs_offer_extensions.html
2393,What is a deferral and does TFS offer deferrals?," A deferral is a change in payment terms on a Lease Agreement where a scheduled payment may be moved to the end of the contract upon approval by Toyota Financial Services (TFS). We do offer deferrals, but they require evaluation and approval, and may come with additional fees. Please contact our [Customer Service Team](/us/en/contact_us.html) to discuss your situation and make arrangements. ",DIRECT_TEXT,https://www.toyotafinancial.com/us/en/planning_tools/faq/extension_and_deferral/what_is_a_deferral_and_does_tfs_offer_deferrals.html
2394,What is fingerprint authentication?,"Touch ID is fingerprint authentication technology for Apple mobile devices
Fingerprint is fingerprint authentication technology for Android mobile devices",DIRECT_TEXT,https://www.toyotafinancial.com/us/en/planning_tools/faq/fingerprint_authentication/what_is_fingerprint_authentication.html
2395,What are the benefits of using fingerprint authentication?,"Quick and convenient to authenticate your identity
No typing long passwords on your mobile device
No more forgetting or resetting your password
Your fingerprint is unique and impossible to guess or replicate
Simplifies account recovery",DIRECT_TEXT,https://www.toyotafinancial.com/us/en/planning_tools/faq/fingerprint_authentication/what_are_the_benefits_of_using_fingerprint_authentication.html
2396,Is there a fee for using fingerprint authentication?, No. Fingerprint authentication is free to TFS account holders with mobile devices. ,DIRECT_TEXT,https://www.toyotafinancial.com/us/en/planning_tools/faq/fingerprint_authentication/is_there_a_fee_for_using_fingerprint_authentication.html
2397,Which devices are compatible with fingerprint authentication?,"For Touch ID, Apple mobile device with iOS 6.0 or higher with Touch ID functionality
For Fingerprint, Android mobile device with OS 7.0 or higher with Fingerprint functionality",DIRECT_TEXT,https://www.toyotafinancial.com/us/en/planning_tools/faq/fingerprint_authentication/which_devices_are_compatible_with_fingerprint_authentication.html
2398,How do I add a fingerprint to my mobile device?," Visit your device settings and select Touch ID Settings (from an Apple mobile device) or Lock Screen and Security (from an Android mobile device). From there, follow the steps to register one or more fingerprints on your device. ",DIRECT_TEXT,https://www.toyotafinancial.com/us/en/planning_tools/faq/fingerprint_authentication/how_do_i_add_a_fingerprint_to_my_mobile_device.html
2399,Where is my fingerprint stored?, Your device stores the information needed to recognize your fingerprint. The myTFS app utilizes the devices functionality to recognize your fingerprint when you log in. TFS does not store your fingerprint in any way. ,DIRECT_TEXT,https://www.toyotafinancial.com/us/en/planning_tools/faq/fingerprint_authentication/where_is_my_fingerprint_stored.html
2400,"Once I have my fingerprint set up on my mobile device, how do I enable fingerprint authentication from the login page of the myTFS app?","Enter your username, password and select the box next to Enable Touch ID or Enable Fingerprint
Select ""Login""
Enter the Answer to the Security Question, if applicable
Agree to the Electronic Communications & Agreements and Mobile Application Polices and Agreements
Select ""Enable"" to activate fingerprint authentication
Update your Security Question and Answer
Select if you would like the Security Question to be presented with every login
Select ""Finish"" to complete enrollment",DIRECT_TEXT,https://www.toyotafinancial.com/us/en/planning_tools/faq/fingerprint_authentication/once_i_have_my_fingerprint_set_up_on_my_mobile_device_how_do_i_enable_fingerprint_authentication_from_the_login_page_of_the_mytfs_app.html
2401,How do I enable fingerprint authentication from Security Settings?,"Log in to the myTFS app with your username and password
Select ""More"" from the Home / My Account page
Select ""Security""
Toggle the Touch ID or Fingerprint switch On
Select ""Continue"" to go to the Login page
Enter your username, password and select the box next to Enable Touch ID or Enable Fingerprint
Select ""Login""
Enter the Answer to the Security Question
Select if the device is Personal or Shared, then select ""Continue""
Agree to the Electronic Communications & Agreements and Mobile Application Policies & Agreements
Select ""Enable"" to activate fingerprint authentication
Select ""OK"" to set up your Security Question and Answer for Fingerprint authentication
Select a new Security Question
Enter the Answer to the Security Question, then select ""Continue""
Select if you would like the Security Question to be presented with every login
Select ""Finish"" to complete enrollment",PORTAL_REDIRECT,https://www.toyotafinancial.com/us/en/planning_tools/faq/fingerprint_authentication/how_do_i_enable_fingerprint_authentication_from_security_settings.html
2402,How to do I disable fingerprint authentication from Security Settings?,"Log in to the myTFS app
Select ""More"" from the Home / My Account page
Select ""Security""
Toggle the Touch ID or Fingerprint switch Off
Confirmation pop up is presented
Select ""Continue"" to turn disable fingerprint authentication",DIRECT_TEXT,https://www.toyotafinancial.com/us/en/planning_tools/faq/fingerprint_authentication/how_to_do_i_disable_fingerprint_authentication_from_security_settings.html
2403,"Once fingerprint authentication is enabled and set up on the myTFS app, how do I log in to my TFS account using fingerprint authentication?","Open the myTFS app
You will be prompted to scan your fingerprint to log in by placing your finger on the device touchpad (Home button)
If challenged with a Security Question, enter the Answer
Select ""Continue"" to complete login",DIRECT_TEXT,https://www.toyotafinancial.com/us/en/planning_tools/faq/fingerprint_authentication/once_fingerprint_authentication_is_enabled_and_set_up_on_the_mytfs_app_how_do_i_log_in_to_my_tfs_account_using_fingerprint_authentication.html
2404,Can I use different fingerprints to log in?, Yes. You can log in using any fingerprint registered on your device. ,DIRECT_TEXT,https://www.toyotafinancial.com/us/en/planning_tools/faq/fingerprint_authentication/can_i_use_different_fingerprints_to_log_in.html
2405,Should I use fingerprint authentication if I share my device with others?," No. When you log in with Touch ID or Fingerprint enabled, anyone with a registered fingerprint on your device can log into your TFS account. We highly recommend you do not enable Touch ID or Fingerprint if you share your device. ",DIRECT_TEXT,https://www.toyotafinancial.com/us/en/planning_tools/faq/fingerprint_authentication/shoul_i__use_fingerprint_authentication_if_i_share_my_device_with_others.html
2406,What should I do if my device is lost or stolen?," You should contact your mobile carrier first, then [contact our Customer Service Center](https://www.toyotafinancial.com/pub/w/customer_service/contact_us) and let us know that you device has been lost or stolen. We can disable the login feature within the fingerprint authentication feature on the myTFS app. If you have the Find My iPhone app on your Apple mobile device, or the Find My Device app on your Android mobile device, you can lock your device and keep your information safe. Contact Apple or Google for more information. ",DIRECT_TEXT,https://www.toyotafinancial.com/us/en/planning_tools/faq/fingerprint_authentication/what_should_i_do_if_my_device_is_lost_or_stolen.html
2407,"Once I have enrolled in Touch ID or Fingerprint, can I still log in to my account with my username and password?"," Yes. You can log in to your account with your username and password any time. When you open the myTFS app and prompted to scan your fingerprint, select Cancel to return to the Login page where you can enter your username and password. ",DIRECT_TEXT,https://www.toyotafinancial.com/us/en/planning_tools/faq/fingerprint_authentication/once_i_have_enrolled_in_touch_id_or_fingerprint_can_i_still_log_in_to_my_account_with_my_username_and_password.html
2408,What happens if I change a fingerprint stored on my phone?," If a change to the fingerprint registry is detected on your device, fingerprint authentication will be disabled. You will have to add a new fingerprint to reactivate fingerprint authentication on your device. ",DIRECT_TEXT,https://www.toyotafinancial.com/us/en/planning_tools/faq/fingerprint_authentication/what_happens_if_i_change_a_fingerprint_stored_on_my_phone.html
2409,How do I enable additional security from Security Settings?,"Log in to the myTFS app
Select ""More"" from the Home/My Account page
Select ""Security""
Toggle switch On or Off to have your security question presented every time you login
Select a Security Question
Enter the Answer to the Security Question
Select ""Continue""
Receive a confirmation pop-up
Select ""OK""",DIRECT_TEXT,https://www.toyotafinancial.com/us/en/planning_tools/faq/fingerprint_authentication/how_do_i_enable_additional_security_from_security_settings.html
2410,How do I disable additional security?,"Log in to the myTFS app
Select ""More"" from the Home/My Account page
Select ""Security""
Toggle switch On or Off to have their security question presented during fingerprint authentication login
Receive a confirmation pop-up
Select ""Confirm"" to disable fingerprint authentication two-step verification",DIRECT_TEXT,https://www.toyotafinancial.com/us/en/planning_tools/faq/fingerprint_authentication/how_do_i_disable_additional_security.html
2411,How to file a GAP claim?," Filing a GAP claim is quick and easy through our digital self-service process. Simply [click here](https://tmisvpp.com/home-page.html#gap-claim) (this is the hyperlink location - [https://tmisvpp.com/home-page.html#gap-claim)](https://tmisvpp.com/home-page.html#gap-claim)) to start your claim. Follow the step-by-step instructions to submit your claim online. You can still submit your claim over the phone, call us at 1-800-255-8713 and we will walk you through the process. ",PHONE_ESCALATION,https://www.toyotafinancial.com/us/en/planning_tools/faq/Guaranteed_Auto_Protection_GAP/How_to_file_a_GAP_claim.html
2412,What is the definition of total loss?,"Covered Vehicle is declared a Total Loss by Your Physical Damage Insurer,
No Physical Damage Insurance exists and Covered Vehicle is stolen and not recovered within thirty (30) days after the date of theft and remains unrecovered at the time of notification of Total Loss to the Program Administrator, or
No Physical Damage Insurance exists and the total cost to repair Covered Vehicle is greater than or equal to its Cash Value as determined by the Program Administrator using the average retail value for a used vehicle in the NADA Official Guide applicable to Your Unit Type, or its equivalent, based on the best information available on Covered Vehicle’s options, age, and condition.",DIRECT_TEXT,https://www.toyotafinancial.com/us/en/planning_tools/faq/Guaranteed_Auto_Protection_GAP/What_is_the_definition_of_total_loss.html
2413,I think my vehicle is a total loss. How quickly should I open a GAP claim?," If a Covered Vehicle is damaged or stolen and you potentially have suffered a Total Loss, You must contact the Program Administrator at 1-800-255-8713. If your lienholder is Toyota Motor Credit Corporation please contact 1-800-874-8822. ",PHONE_ESCALATION,https://www.toyotafinancial.com/us/en/planning_tools/faq/Guaranteed_Auto_Protection_GAP/I_think_my_vehicle_is_total_loss_how_quickly_should_I_open_GAP_claim.html
2414,What is the definition of date of total loss?, Date of Total Loss means the date Covered Vehicle is initially damaged or stolen which ultimately results in a Total Loss. ,DIRECT_TEXT,https://www.toyotafinancial.com/us/en/planning_tools/faq/Guaranteed_Auto_Protection_GAP/What_is_the_definition_of_date_of_total_loss.html
2415,How is the cash value calculated for my vehicle in the event of a total loss GAP claim?," Cash Value 2 means the value of the Vehicle on the Date of Total Loss , prior to its physical damage or theft, as determined by Your Physical Damage Insurer, plus any amount subtracted from that value due to pre-existing damage to Covered Vehicle, condition adjustments, and/or the following items if subtracted from the settlement amount: storage charges, towing, recovery fees, salvage payments, and/or other fees and deductions; less Your Physical Damage Insurance deductible up to 1,000, if applicable. If You do not have Physical Damage Insurance or Your Physical Damage Insurance has either a stated value or a limit of liability that is less than the value of Covered Vehicle on the Date of Total Loss , or does not cover the Total Loss, the Cash Value 2 is determined by the Program Administrator using the average retail value for a used vehicle in the National Automobile Dealers Association (NADA) Official Guide applicable to Your Unit Type, or its equivalent, based on the best information available on Covered Vehicles options, age, and condition as of the Date of Total Loss , less Your Physical Damage Insurance deductible up to  1,000, if applicable. If We show You that the Physical Damage Insurer failed to pay a fair actual cash value for Covered Vehicle , as determined by the Program Administrator using NADA value or its equivalent at the Date of Total Loss , You may be required to contact the Physical Damage Insurer to request a higher actual cash value and payment. 2. The information provided varies by state. Please see your GAP agreement, certificate, waiver, or selling dealer for complete details. ",DIRECT_TEXT,https://www.toyotafinancial.com/us/en/planning_tools/faq/Guaranteed_Auto_Protection_GAP/How_is_the_cash_value_calculated_for_my_vehicle_in_the_event_of_a_total_loss_GAP_claim.html
2416,What documents are required to process a GAP claim?, Click on the [link](/content/dam/tmcc-webcommons/toyotafinancial/documents/my-documents/Gap_Claim_Kit_Documents.pdf) to review documents ,PDF_ATTACHMENT,https://www.toyotafinancial.com/us/en/planning_tools/faq/Guaranteed_Auto_Protection_GAP/What_documents_are_required_to_process_a_GAP_claim.html
2417,How do I withdraw a GAP claim?," To withdraw your claim, call us at 1-800-255-8713 and we will walk you through the process. ",PHONE_ESCALATION,https://www.toyotafinancial.com/us/en/planning_tools/faq/Guaranteed_Auto_Protection_GAP/How_do_I_withdraw_a_GAP_claim.html
2418,Who is the Program Administrator?," Toyota Motor Insurance Services, Inc. whose sole responsibility is to perform the administration of this Agreement, which may be contacted at 1-800-255-8713 / P.O Box 650478, Dallas, TX 75265; ",PHONE_ESCALATION,https://www.toyotafinancial.com/us/en/planning_tools/faq/Guaranteed_Auto_Protection_GAP/Who_is_the_Program_Administrator.html
2419,What do I do if my vehicle is in an accident?," Whenever you are in an automobile accident, we suggest you contact your insurance company as soon as possible. We recommend your insurance company contact our Customer Service Team toll-free at [1-800-874-8822](tel:18008748822) between the hours of 8:00 a.m. - 8:00 p.m., Monday - Friday, local time. Please note that you are still responsible for your monthly payments until the claim is settled with your insurance company, and the account is satisfied. ",PHONE_ESCALATION,https://www.toyotafinancial.com/us/en/planning_tools/faq/insurance_in_case_of_accident/what_do_i_do_if_my_vehicle_is_in_an_accident.html
2420,I got a check from my insurance company made out to TFS and me. What should I do with it?," Normally, an insurance check to repair physical damage is made out to both you and Toyota Financial Services to ensure that the vehicle gets repaired. Please mail the insurance check for endorsement to the following address: Toyota Financial Services P.O. Box 22171 Tempe, AZ 85285 Please include your account number on any documentation that you send in to ensure we are able to access your account. Note: For insurance checks in excess of 7,500.00, please include a copy of the completed repair order along with the check for endorsement. ",PORTAL_REDIRECT,https://www.toyotafinancial.com/us/en/planning_tools/faq/insurance_in_case_of_accident/i_got_a_check_from_my_insurance_company_made_out_to_tfs_and_me_what_should_i_do_with_it.html
2421,What are the insurance requirements for a financed or leased vehicle?," Insurance requirements will vary based on the state where you live. Purchase: If you financed your vehicle, TFS requires you to maintain physical damage insurance covering loss or damage for the full value of the vehicle for the term of your contract. There are no deductible limitations. We do not have minimum liability requirements for financed vehicles. Lease: If you leased your vehicle, TFS will accept the minimum liability required by the state in which your leased vehicle is garaged. Physical damage insurance is required for the full value of the vehicle, with a maximum deductible of 1,000. ",DIRECT_TEXT,https://www.toyotafinancial.com/us/en/planning_tools/faq/insurance_requirements/what_are_the_insurance_requirements_for_a_financed_or_leased_vehicle.html
2422,What address should I give to my insurance company?," Please provide the following address to your insurance company: TMCC P.O. Box 105386 Atlanta, GA 30348 You are required to keep insurance on your vehicle during the term of the contract, but you are not required to forward us a copy of your insurance policy. ",DIRECT_TEXT,https://www.toyotafinancial.com/us/en/planning_tools/faq/insurance_requirements/what_address_should_i_give_to_my_insurance_company.html
2423,What are my lease-end options?,"Turn in your vehicle and purchase or lease a new Toyota1
Purchase the vehicle you're currently driving
Return your vehicle to your Toyota dealership*",DIRECT_TEXT,https://www.toyotafinancial.com/us/en/planning_tools/faq/lease_end_process/what_are_my_lease_end_options.html
2424,How will TFS contact me before my lease ends?," Leading up to lease-end, youll receive various communications from TFS about your options and things you need to do. Be on the lookout for information from us through toyotafinancial.com, your billing statement, email and/or phone calls. ",DIRECT_TEXT,https://www.toyotafinancial.com/us/en/planning_tools/faq/lease_end_process/how_will_tfs_contact_me_before_my_lease_ends.html
2425,What is my lease maturity date?, This is the date when your lease agreement ends and your vehicle should be returned to a Toyota dealer (unless you choose the option to purchase your leased vehicle). ,DIRECT_TEXT,https://www.toyotafinancial.com/us/en/planning_tools/faq/lease_end_process/what_is_my_lease_maturity_date.html
2426,Where do I turn in my leased vehicle?," Your leased vehicle should be turned in at your originating Toyota dealer by your scheduled lease maturity date. If youve moved since you began your lease, use our easy dealer locator to find a participating dealer near you. We recommend contacting the dealer to schedule your lease turn-in appointment approximately 30 days prior to your lease maturity date. ",DIRECT_TEXT,https://www.toyotafinancial.com/us/en/planning_tools/faq/lease_end_process/where_do_i_turn_in_my_leased_vehicle.html
2427,Can I return my leased vehicle to any dealer?," The vehicle must be returned to an authorized Toyota or Lexus Dealer. We recommend contacting your originating Dealer to schedule your turn-in appointment. Most Toyota and Lexus Dealers will process a vehicle return even if they did not originate the lease, but we recommend contacting them to confirm and schedule a turn-in appointment. Your originating Dealer is required to process the vehicle return. If you return the vehicle to a third-party dealership, this is an unauthorized third-party vehicle return and you remain responsible for all obligations under the lease agreement until we receive the payoff funds and all required documentation, or the vehicle is delivered to a Toyota or Lexus Dealer. ",DIRECT_TEXT,https://www.toyotafinancial.com/us/en/planning_tools/faq/lease_end_process/can_I_return_my_leased_vehicle_to_any_dealer.html
2428,Who is my originating dealer?, Your originating dealer is the dealer where you began your lease. This dealer can help you choose your next Toyota and turn in your current leased vehicle. ,DIRECT_TEXT,https://www.toyotafinancial.com/us/en/planning_tools/faq/lease_end_process/who_is_my_originating_dealer.html
2429,What should I bring to my turn-in appointment?,"Your TFS Odometer Disclosure Statement
Tool kit and spare tire, if applicable
All sets of keys (masters/remotes/valet), if applicable
Owner’s Manuals
Any original equipment on your vehicle at lease inception (radio, headrests, 3rd row seat, tonneau/cargo cover, etc.)",DIRECT_TEXT,https://www.toyotafinancial.com/us/en/planning_tools/faq/lease_end_process/what_should_i_bring_to_my_turnin_appointment.html
2430,Should I notify Toyota Financial Services after I have returned my leased vehicle?," Yes, to minimize any potential delays processing your lease return, you can notify us of your return by logging on to Toyotafinancial.com or your Toyota Financial Services App and follow the Lease-End return prompts. You can also notify us by telephone at (800) 874-8822 using our automated system or speaking with a live agent. [Click here](https://www.toyotafinancial.com/dss/login) to log in to your account. ",PORTAL_REDIRECT,https://www.toyotafinancial.com/us/en/planning_tools/faq/lease_end_process/should_I_notify_Toyota_Financial_Services_after_I_have_returned_my_leased_vehicle.html
2431,What if I turn in my vehicle early?," You may return your vehicle prior to your lease maturity date; however, early termination fees may apply. For more info about turning in your lease early, refer to your lease agreement, or contact TFS at [1-800-286-0652](tel:18002860652). You may also reach out to your dealer to get answers to any questions you have about your options. ",PHONE_ESCALATION,https://www.toyotafinancial.com/us/en/planning_tools/faq/lease_end_process/what_if_i_turn_in_my_vehicle_early.html
2432,Should I schedule an appointment to return my vehicle to my Toyota dealer?," Yes, just give your dealer a call 30 days prior to your lease maturity date to schedule your lease turn-in appointment. ",DIRECT_TEXT,https://www.toyotafinancial.com/us/en/planning_tools/faq/lease_end_process/should_i_schedule_an_appointment_to_return_my_vehicle_to_my_toyota_dealer.html
2433,What charges should I expect on my End of Term Invoice after I turn in my vehicle?,"Excess wear and use
Excess mileage
Disposition fee
Any past due and unpaid monthly payments
Any other miscellaneous charges (e.g., unpaid late payment fees, taxes, tolls)
Any other charges due under the terms of your lease agreement if your lease was terminated early",DIRECT_TEXT,https://www.toyotafinancial.com/us/en/planning_tools/faq/lease_end_process/what_charges_should_i_expect_on_my_end_of_term_invoice_after_i_turn_in_my_vehicle.html
2434,Do I return my license plates when I turn in my vehicle?, Great question  it varies by state. Please contact your Toyota dealer or the DMV if you have questions about how this applies to you. ,DIRECT_TEXT,https://www.toyotafinancial.com/us/en/planning_tools/faq/lease_end_process/do_i_return_my_license_plates_when_i_turn_in_my_vehicle.html
2435,Do I need to cancel any electronic payments at the end of my lease?," Yes, and this is one people forget. If youve returned your vehicle, please remember to cancel any automated payments you may have set up through either toyotafinancial.com or your bank. ",DIRECT_TEXT,https://www.toyotafinancial.com/us/en/planning_tools/faq/lease_end_process/do_i_need_to_cancel_any_electronic_payments_at_the_end_of_my_lease.html
2436,How do I purchase my current vehicle?,"Log in to the website
Select ""Menu"" from the top navigation bar
Select “End Of Lease Options” under Manage Account
Select “Purchase Your Vehicle”
Select “Confirm” to validate your address
See options to purchase",DIRECT_TEXT,https://www.toyotafinancial.com/us/en/planning_tools/faq/lease_end_process/how_do_i_purchase_my_current_vehicle.html
2437,Whats the easiest way to get into a new Toyota?, Just bring your vehicle back to your Toyota dealer at the end of your lease and they can help you with the rest. ,DIRECT_TEXT,https://www.toyotafinancial.com/us/en/planning_tools/faq/lease_end_process/what_is_the_easiest_way_to_get_into_a_new_toyota.html
2438,Why was my recurring payment cancelled?," If your final lease payment has been made, we will automatically cancel recurring payments. ",DIRECT_TEXT,https://www.toyotafinancial.com/us/en/planning_tools/faq/lease_end_process/why-was-my-recurring-payment-cancelled.html
2439,Where can I find payoff information for loan account?,"Log into the website or mobile app
From the dashboard, select “Payoff Quote” under Remaining Balance
You can then submit your payoff payment online or send the payment via mail.
A Payoff Quote is good for 10 days from the date it is provided. *
After that time, you can log in to the website or mobile app and view an updated Payoff Quote.",DIRECT_TEXT,https://www.toyotafinancial.com/us/en/planning_tools/faq/loan_payoff_and_title_lien_release/where_can_i_find_payoff_information_for_loan_account_.html
2440,How can I send the payoff funds for my loan account?,"Register or Log in to the website and select “Payoff Quote” from the dashboard to view your payoff amount.
Select “Payoff” button to make your payment.",DIRECT_TEXT,https://www.toyotafinancial.com/us/en/planning_tools/faq/loan_payoff_and_title_lien_release/How_can_I_send_the_payoff_funds_for_my_loan_account.html
2441,"Once my loan is paid off, how long will it take to receive my vehicle title/lien release?","Generally, we'll send the title/lien release to you or an authorized recipient, within 10 business days after the payoff is posted to your account, depending on payment method and applicable state law.
Allow 15-30 business days for United States Postal Service delivery.
Generally, we’ll notify the state of the lien release within 10 business days after the payoff is posted to your account, depending on payment method and applicable state law.
Allow 6-8 weeks for the state to provide you with your title.
Exception: Florida and Arizona generally require the title to remain electronic unless the owner requests a paper title.
For additional questions, please contact your state titling agency.",DIRECT_TEXT,https://www.toyotafinancial.com/us/en/planning_tools/faq/loan_payoff_and_title_lien_release/Once_my_loan_is_paid_off_how_long_will_it_take_to_receive_my_vehicle_title_lien_release.html
2442,Where will the title/lien release be sent?,"We’ll mail the title/lien release to your primary address on file, unless instructed otherwise.  Your primary address is either the garage address for the vehicle or your mailing address, if you provided a separate address to receive TFS correspondence.
We’ll notify the state of the lien release, and they’ll typically mail the title to the registered owner’s address unless instructed otherwise.
Exception: Florida and Arizona generally require the title to remain electronic unless the owner requests a paper title).",DIRECT_TEXT,https://www.toyotafinancial.com/us/en/planning_tools/faq/loan_payoff_and_title_lien_release/Where_will_the_title_lien_release_be_sent.html
2443,How can I update my title/lien release delivery address?,"If payoff funds are sent via mail, you may include written instructions with the payoff funds.
After you have paid off, if you need to update the delivery address, please contact us at (800) 874-8822.
Written or verbal authorization is required for the title/lien release to be sent to a third party (e.g., dealer, insurance company, another financial institution or individual third party).  Please include your written authorization with the mailed payoff funds or contact us at (800) 874-8822.",DIRECT_TEXT,https://www.toyotafinancial.com/us/en/planning_tools/faq/loan_payoff_and_title_lien_release/How_can_i_update_my_title_lien_release_delivery_address.html
2444,What should I do if I paid off my loan but have not received my title/lien release?,"If it has been more than 40 business days since your payoff was posted, please contact us at (800) 874-8822.
If it has been more than 9.5 weeks since your payoff was posted, contact your local state titling agency.",DIRECT_TEXT,https://www.toyotafinancial.com/us/en/planning_tools/faq/loan_payoff_and_title_lien_release/What_should_I_do_if_I_paid_off_my_loan_but_have_not_received_my_title_lien_release.html
2445,How will the new website and payment experience impact my payments?," When you log in to your account after November 12, 2023, you will see upgrades to the website and payment experience. Recurring Payments: If you had recurring payments set up prior to November 12, 2023, they will continue to process with the bank account information you submitted when the payment was set up, and you do not need to take any action. If you need to cancel this recurring payment, you can do so when you log in to your account and view your transactions. If you are looking to edit or modify your recurring payment, you can do so by cancelling and setting up a new recurring payment. Scheduled One Time Payments: If you set up a scheduled one-time payment prior to November 12, 2023, it will continue to process with the bank account information you submitted when the payment was set up, and you do not need to take any action. If you need to cancel this scheduled payment, you can do so when you log in to your account and view your transactions. If you are looking to edit or modify your scheduled one-time payment, you can do so by cancelling and setting up a new payment. Payments made or scheduled on the website after November 12, 2023 will now appear on your bank statement as Toyota ACH rather than Web Payment  Toyota Financial. ",DIRECT_TEXT,https://www.toyotafinancial.com/us/en/planning_tools/faq/managing_pay_online/How_will_the_new_website_and_payment_experience_impact_my_payments.html
2446,How will the new website and payment experience impact my saved bank accounts?," As we transition to the new payment experience, you may be asked to add your bank account information again when you set up a future payment. Once you add and save this information, you can access it for future use. If you have recently made a payment on the mobile app or via phone, you may see the bank account information used for that transaction reflected as a payment option. As always, youll want to ensure that you review and confirm the details of the bank account you are selecting prior to submitting any payment. ",DIRECT_TEXT,https://www.toyotafinancial.com/us/en/planning_tools/faq/managing_pay_online/How_will_the_new_website_and_payment_experience_impact_my_saved_bank_accounts.html
2447,What is the difference between Pay Online and the AutoCheque program?," Pay Online is a flexible and convenient electronic payment method that allows you to schedule, view, update, or cancel payments, and check the payment processing status on our website. Customers can also schedule one-time payments and set up Recurring Payment Profiles. You enrolled in Pay Online when you registered on to the website. To make payments or view website payment details, you need to add a bank account. The AutoCheque program offers the convenience of automatically debiting your bank each month. To get started, download the [AutoCheque Enrollment Authorization Form](/content/dam/tmcc-webcommons/toyotafinancial/documents/planning_tools/ways_to_pay/TFS_Auto_Cheque_Form.pdf) and follow the instructions in the form (Note: To access this form, you need to install the free [Adobe Acrobat Reader DC](https://get.adobe.com/reader/) onto your computer). After receiving your completed and signed form, we will process your enrollment request. Enrollment is generally completed within 14 business days. ",PDF_ATTACHMENT,https://www.toyotafinancial.com/us/en/planning_tools/faq/managing_pay_online/what_is_the_difference_between_pay_online_and_the_autocheque_program.html
2448,How do I set up a one-time or recurring payment?,"Log in to the website
Select ""Set Up Recurring Payments"" or “Make One-Time Payment” from your Dashboard
Fill in the required fields to schedule your payment
Select ""Confirm"" on the Payment page",DIRECT_TEXT,https://www.toyotafinancial.com/us/en/planning_tools/faq/managing_pay_online/how_do_i_set_up_a_onetime_or_recurring_payment.html
2449,What is an ABA routing number?," An ABA routing number (also known as a Routing Transit number) is an identification number, assigned to a financial institution and each branch office of that financial institution, which speeds up the processing of transfers between financial institutions. ",DIRECT_TEXT,https://www.toyotafinancial.com/us/en/planning_tools/faq/managing_pay_online/what_is_an_aba_routing_number.html
2450,"If I have multiple account holders in my family, can we each enroll in Pay Online?"," Yes. Each account holder may set up a Recurring Payments Profile or make one-time payments. However, one account holder will not be able to view or use the other account holders banking information. In addition, each account holder can manage only the payments he or she has set up. ",DIRECT_TEXT,https://www.toyotafinancial.com/us/en/planning_tools/faq/managing_pay_online/if_i_have_multiple_account_holders_in_my_family_can_we_each_enroll_in_pay_online.html
2451,Why cant I select some of the dates on the calendar when I am scheduling a payment?,"Recurring payments cannot be scheduled for the 29th, 30th, or 31st of the month.
One-time payments cannot be scheduled for weekends, bank holidays, or further than 60 days in advance.",DIRECT_TEXT,https://www.toyotafinancial.com/us/en/planning_tools/faq/managing_pay_online/why_cant_i_select_some_of_the_dates_on_the_calendar_when_i_am_scheduling_a_payment.html
2452,Can I make more than one payment in a month?," You can schedule as many one-time payments as youd like, as often as youd like. ",DIRECT_TEXT,https://www.toyotafinancial.com/us/en/planning_tools/faq/managing_pay_online/can_i_make_more_than_one_payment_in_a_month.html
2453,When does my same-day payment update to pending status?," Your same-day payment changes to Pending at 5:00 p.m. PST. Once your payment changes to Pending status, you will not be able to change the payment information. ",DIRECT_TEXT,https://www.toyotafinancial.com/us/en/planning_tools/faq/managing_pay_online/when_does_my_sameday_payment_update_to_pending_status.html
2454,How do I remove a bank account and what will happen if I do?,"Log in to the website
Select “Menu” from the top navigation bar
Select “Manage Bank Accounts” under Payments
Select “Delete” next to the applicable bank account
A “Delete Bank” window will pop up
Click the “Delete” button
The bank account information will be removed from the “Manage Bank Accounts” page",DIRECT_TEXT,https://www.toyotafinancial.com/us/en/planning_tools/faq/managing_pay_online/how_do_i_remove_a_bank_account_and_what_will_happen_if_i_do.html
2455,What happens if my bank rejects a payment?," Payments may be returned by a financial institution for insufficient funds, closed accounts or other reasons. If a payment is returned, we may discontinue your participation in the Pay Online program. If this occurs, all scheduled payments, except those in Pending status, will be cancelled. If your bank rejects a payment, you are still obligated to make your payment on time and in the specified amount. ",DIRECT_TEXT,https://www.toyotafinancial.com/us/en/planning_tools/faq/managing_pay_online/what_happens_if_my_bank_rejects_a_payment.html
2456,How do I delete or cancel a payment and what if I am unable to?,"Log in to the website
Scroll down to Transactions and select “View All Transactions”
Select the “+” under Details
Select “Cancel Payment”",DIRECT_TEXT,https://www.toyotafinancial.com/us/en/planning_tools/faq/managing_pay_online/how_do_i_delete_or_cancel_a_payment_and_what_if_i_am_unable_to.html
2457,"I have set up my Recurring Payments profile. If I edit one payment, will it affect any future payments?"," You have the option to edit one recurring payment or delete all future payments. When a single recurring payment status changes to Scheduled, you may edit or cancel a single payment. This will not impact your Recurring Payments Profile. Once the payment status changes to Processing, you are unable to edit or cancel the payment. ",DIRECT_TEXT,https://www.toyotafinancial.com/us/en/planning_tools/faq/managing_pay_online/i_have_set_up_my_recurring_payments_profile_if_i_edit_one_payment_will_it_affect_any_future_payments.html
2458,Will the recurring payments I scheduled on the TFS website automatically stop at the end of my finance or lease contract?," Yes. However, if your next payment is in Processing status when your account is closed or if a payment is scheduled to occur before the payoff has been fully processed, that payment may be processed. If the payment does get processed, you will be entitled to a refund if your account has been overpaid. For this reason, we recommend that you cancel your any scheduled payments after you pay off your account. Note: If you have obtained a lease maturity extension, you may need to set up recurring payments through that period. ",DIRECT_TEXT,https://www.toyotafinancial.com/us/en/planning_tools/faq/managing_pay_online/will_the_recurring_payments_I_scheduled_automatically_stop__at_end_of_finance_lease_contract.html
2459,How do I cancel pay online?,"Log in to your account
Select “Payments” from the top navigation bar
Click through to the “Website Payments” page
From the “Recurring Payments Profiles” section, select “Delete”
A “Delete Recurring Profile” window will pop up
Click the “Delete Profile” button
Your “Recurring Payments Profile” will be removed from the “Website Payments” page
Log in to your account
Select “Payments” from the top navigation bar
Click through to the “Website Payments” page
Locate the scheduled payment, select “Cancel”
Select “Cancel Payment”
The payment status will change from “Scheduled” to “Cancelled”
Log in to your account
Select “Payments” from the top navigation bar
Click through to the “Bank Information” page
Select “Delete” next to the applicable bank account
A “Delete Bank” window will pop up
Click the “Delete Bank Account” button
The bank account information will be removed from the “Bank Information” page",DIRECT_TEXT,https://www.toyotafinancial.com/us/en/planning_tools/faq/managing_pay_online/how_do_i_cancel_pay_online.html
2460,What types of payment notifications will I receive?," You will automatically receive payment confirmations, reminders, and general account updates to your email address on file. ",DIRECT_TEXT,https://www.toyotafinancial.com/us/en/planning_tools/faq/managing_pay_online/what_types_of_payment_notifications_will_I_receive.html
2461,How do I change my email address?,"Log in to the website
Select “My Profile” under the Welcome Tab
Select “Login & Security”
Select the pen icon under Two-Factor Authentication
Update Email
You will receive a verification code to confirm your changes",DIRECT_TEXT,https://www.toyotafinancial.com/us/en/planning_tools/faq/managing_pay_online/how_do_i_change_my_email_address.html
2462,How can I print pages from Pay Online?," Click the Print Page icon to print the Payment Confirmation and Website Payments pages. When the Print Page icon is not present, use the print feature of your browser or simply press the Ctrl and P keys simultaneously on your keyboard to print. ",DIRECT_TEXT,https://www.toyotafinancial.com/us/en/planning_tools/faq/managing_pay_online/how_can_i_print_pages_from_pay_online.html
2463,What are marketing preferences? Are they different from notifications?," Marketing preferences give you a chance to pick the channel where youd prefer to receive marketing communications, which can include product news and information, updates on model launches, and invitations to exclusive events from TFS. Marketing preferences differ from notifications, which include messages about statements and payments. ",DIRECT_TEXT,https://www.toyotafinancial.com/us/en/planning_tools/faq/marketing_preferences/what_are_marketing_preferences_are_they_different_from_notifications.html
2464,How do I select marketing preferences and what channels are available?,"Log in to the website
Select “My Profile” under the Welcome Tab
Select “Communication Preferences”
Choose how and whether to receive marketing reminders",DIRECT_TEXT,https://www.toyotafinancial.com/us/en/planning_tools/faq/marketing_preferences/how_do_i_select_marketing_preferences_and_what_channels_are_available.html
2465,Where can I find my mileage allowance?, The easiest way to find your mileage allowance is by looking at your lease agreement. If you cant find your lease agreement  no worries  your friends at your local dealer will be happy to help you find it. ,DIRECT_TEXT,https://www.toyotafinancial.com/us/en/planning_tools/faq/mileage/where_can_i_find_my_mileage_allowance.html
2466,What if I go over my mileage allowance?," No problem, it happens. If you return your vehicle and it has gone over the mileage allowance, you will be charged for the additional mileage. We recommend calling your dealer to learn more about additional mileage charges so you can plan ahead. ",LINK_OUT,https://www.toyotafinancial.com/us/en/planning_tools/faq/mileage/what_if_i_go_over_my_mileage_allowance.html
2467,Can I get additional miles?," We wish there was a way to purchase additional miles. Unfortunately, were not currently offering that as an option. ",DIRECT_TEXT,https://www.toyotafinancial.com/us/en/planning_tools/faq/mileage/can_i_get_additional_miles.html
2468,Where can I get information on the Toyota rebate program for military members?, Please visit our [Military Rebate](https://www.toyotafinancial.com/us/en/financing_options/rebate_finance_programs/military_rebate.html) page for more information. We thank you for your service. ,LINK_OUT,https://www.toyotafinancial.com/us/en/planning_tools/faq/military_benefits/where_can_I_get_information_on_the_Toyota_rebate_program_for_military_members.html
2469,Am I eligible for benefits under the Servicemembers Civil Relief Act (SCRA)? Who do I contact with to activate my benefits?,"Army
Navy
Marine Corps
Air Force
Coast Guard
Public Health Officers detailed to the Army or Navy on active duty
Military reservists and guardsmen called to active duty",DIRECT_TEXT,https://www.toyotafinancial.com/us/en/planning_tools/faq/military_benefits/am_i_eligible_for_benefits_under_the_servicemembers_civil_relief_act_scra_who_do_i_contact_with_to_activate_my_benefits.html
2470,What documentation will I need to provide to Toyota Financial Services to receive SCRA benefits?, Please contact our [Customer Service Team](/us/en/contact_us.html) to ensure that you understand all documentation you need to submit to receive SCRA benefits. ,DIRECT_TEXT,https://www.toyotafinancial.com/us/en/planning_tools/faq/military_benefits/what_documentation_will_i_need_to_provide_to_toyota_financial_services_to_receive_scra_benefits.html
2471,"Once benefits are active, can I continue to use AutoCheque to make my payments?", Yes. Please keep in mind that manual payments may be required during the waiting period when the account number and payment are changed. ,DIRECT_TEXT,https://www.toyotafinancial.com/us/en/planning_tools/faq/military_benefits/once_benefits_are_active_can_i_continue_to_use_autocheque_to_make_my_payments.html
2472,Where can I find the payment allotment code for my branch of the military?," Here are some payment allotment code details, per military branch: Branch of Military Retail Blanket Code Lease Blanket Code Army X069255 X069263 Navy S938513 S951672 Air Force S938513 S951672 Marines 0174 0169 Retired L93 L57 ",DIRECT_TEXT,https://www.toyotafinancial.com/us/en/planning_tools/faq/military_benefits/where_can_i_find_the_payment_allotment_code_for_my_branch_of_the_military.html
2473,I am in the military or employed by the United States government. How can I take my vehicle with me if I leave the U.S.?, Youll need a letter of consent from TFS to move your vehicle from the U.S. Please contact our [Customer Service Team](/us/en/contact_us.html) for the most current requirements. ,DIRECT_TEXT,https://www.toyotafinancial.com/us/en/planning_tools/faq/military_benefits/i_am_in_the_military_or_employed_by_the_united_states_government_how_can_i_take_my_vehicle_with_me_if_i_leave_the_us.html
2474,How do I download the Toyota Financial Services mobile app?," The mobile app is available for download through the [Apple App Store](https://apps.apple.com/us/app/mytfs-toyota-financial-services/id472110881) and [Google Play](https://play.google.com/store/apps/details?idcom.tmcc.click2pay.mytfs). Note: As we enhance the app, we will periodically release updates. Please refer to your application notifications either from iTunes or Google updates. ",DIRECT_TEXT,https://www.toyotafinancial.com/us/en/planning_tools/faq/mobileapp-faqs/how_do_I_download_the_Toyota_Financial_Services_mobile_app.html
2475,Are there fees to use the mobile app?," There is no charge to download or use the mobile app. However, you should contact your wireless service provider to see if any connectivity or usage rates may apply. ",DIRECT_TEXT,https://www.toyotafinancial.com/us/en/planning_tools/faq/mobileapp-faqs/are-there-fees-to-use-the-mobile-app.html
2476,What security measures help protect my transactions through the mobile app?, Our 128-bit SSL encryption technology safeguards traffic for secure web applications and helps protects your information as it travels from your mobile device to us. ,DIRECT_TEXT,https://www.toyotafinancial.com/us/en/planning_tools/faq/mobileapp-faqs/what-security-measures-help-protect-my-transactions-through-the-mobile-app.html
2477,How can I be sure the mobile app information is secure if my mobile device is lost or stolen?," You are required to enter a valid Username and Password to access your account information from the mobile app. If your mobile device is lost or stolen, no one can access your account without your login credentials. ",PORTAL_REDIRECT,https://www.toyotafinancial.com/us/en/planning_tools/faq/mobileapp-faqs/how-can-i-be-sure-the-mobile-app-information-is-secure-if-my-mobile-device-is-lost-or-stolen-.html
2478,What is fingerprint authentication?, Fingerprint authentication lets you log in to the myTFS app with your fingerprint in place of your username and password.  Touch ID is fingerprint authentication technology for Apple mobile devices.  Fingerprint is fingerprint authentication technology for Android mobile devices. ,DIRECT_TEXT,https://www.toyotafinancial.com/us/en/planning_tools/faq/mobileapp-faqs/what-is-fingerprint-authentication-.html
2479,What are the benefits of using fingerprint authentication?,  Quick and convenient to authenticate your identity  No typing long passwords on your mobile device  No more forgetting or resetting your password  Your fingerprint is unique and impossible to guess or replicate  Simplifies account recovery ,DIRECT_TEXT,https://www.toyotafinancial.com/us/en/planning_tools/faq/mobileapp-faqs/what-are-the-benefits-of-using-fingerprint-authentication.html
2480,Is there fee for using fingerprint authentication?, No. Fingerprint authentication is free to TFS account holders with mobile devices. ,DIRECT_TEXT,https://www.toyotafinancial.com/us/en/planning_tools/faq/mobileapp-faqs/is-there-fee-for-using-fingerprint-authentication.html
2481,Which devices are compatible with fingerprint authentication?," For Touch ID, Apple mobile device with iOS 6.0 or higher with Touch ID functionality For Fingerprint, Android mobile device with OS 7.0 or higher with Fingerprint functionality ",DIRECT_TEXT,https://www.toyotafinancial.com/us/en/planning_tools/faq/mobileapp-faqs/which-devices-are-compatible-with-fingerprint-authentication.html
2482,How do I add a fingerprint to my mobile device?," Visit your device settings and select Touch ID Settings (from an Apple mobile device) or Lock Screen and Security (from an Android mobile device). From there, follow the steps to register one or more fingerprints on your device. ",DIRECT_TEXT,https://www.toyotafinancial.com/us/en/planning_tools/faq/mobileapp-faqs/how-do-i-add-a-fingerprint-to-my-mobile-device.html
2483,Where is my fingerprint stored?, Your device stores the information needed to recognize your fingerprint. The myTFS app utilizes the devices functionality to recognize your fingerprint when you log in. TFS does not store your fingerprint in any way. ,DIRECT_TEXT,https://www.toyotafinancial.com/us/en/planning_tools/faq/mobileapp-faqs/where-is-my-fingerprint-stored.html
2484,What account features are available on the mobile app?, You are able to do the following:  Make a payment  View edit app payments  View payoff contract information  View Account History  Retrieve contact information ,DIRECT_TEXT,https://www.toyotafinancial.com/us/en/planning_tools/faq/mobileapp-faqs/what-account-features-are-available-on-the-mobile-app.html
2485,"Once I have my fingerprint set up on my mobile device, how do I enable fingerprint authentication from the login page of the myTFS app?"," Follow these steps to enable Fingerprint authentication in the myTFS app: a.Enter your username, password and select the box next to Enable Touch ID or Enable Fingerprint b.Select Login c.Enter the Answer to the Security Question, if applicable d. Agree to the Electronic Communications Agreements and Mobile Application Polices and Agreements e.Select Enable to activate fingerprint authentication f.Update your Security Question and Answer g.Select if you would like the Security Question to be presented with every login h.Select Finish to complete enrollment ",DIRECT_TEXT,https://www.toyotafinancial.com/us/en/planning_tools/faq/mobileapp-faqs/once-i-have-my-fingerprint-set-up-on-my-mobile-device.html
2486,How do I enable fingerprint authentication from Security Settings?," Follow these steps to enable fingerprint authentication from Security Settings: a. Log in to the myTFS app with your username and password b.Select More from the Home / My Account page c.Select Security d.Toggle the Touch ID or Fingerprint switch On e.Select Continue to go to the Login page f.Enter your username, password and select the box next to Enable Touch ID or Enable Fingerprint g.Select Login h.Enter the Answer to the Security Question i.Select if the device is Personal or Shared, then select Continue j. Agree to the Electronic Communications Agreements and Mobile Application Policies and Agreements k.Select Enable to activate Fingerprint authentication l.Select OK to set up your Security Question and Answer for Fingerprint authentication m.Select a new Security Question n.Enter the Answer to the Security Question, thenselect Continue o.Select if you would like the Security Question to be presented with every login p.Select Finish to complete enrollment ",PORTAL_REDIRECT,https://www.toyotafinancial.com/us/en/planning_tools/faq/mobileapp-faqs/how-do-i-enable-fingerprint-authentication-from-security-settings.html
2487,How to do I disable fingerprint authentication from Security Settings?, Follow these steps to disable fingerprint authentication from Security Settings: a.Log in to the myTFS app b.Select More from the Home / My Account page c.Select Security d.Toggle the Touch ID or Fingerprint switch Off e.Confirmation pop up is presented f.Select Continue to turn disable fingerprint authentication ,DIRECT_TEXT,https://www.toyotafinancial.com/us/en/planning_tools/faq/mobileapp-faqs/how-to-do-i-disable-fingerprint-authentication-from-security-settings.html
2488,"Once fingerprint authentication is enabled and set up on the myTFS app, how do I log in to my TFS account using fingerprint authentication?"," Follow these steps to log in to your TFS account using fingerprint authentication: a.Open the myTFS app b. You will be prompted to scan your fingerprint to log in by placing your finger on the device touchpad ( Home button) c.If challenged with a Security Question, enter the Answer d.Select Continue to complete login ",DIRECT_TEXT,https://www.toyotafinancial.com/us/en/planning_tools/faq/mobileapp-faqs/once-fingerprint-authentication-is-enabled-and-set-up-on-the-mytfs-app.html
2489,Can I use different fingerprints to log in?, Yes. You can log in using any fingerprint registered on your device. ,DIRECT_TEXT,https://www.toyotafinancial.com/us/en/planning_tools/faq/mobileapp-faqs/can-i-use-different-fingerprints-to-log-in.html
2490,Should I use fingerprint authentication if I share my device with others?," No. When you log in with Touch ID or Fingerprint enabled, anyone with a registered fingerprint on your device can log into your TFS account. We highly recommend you do not enable Touch ID or Fingerprint if you share your device. ",DIRECT_TEXT,https://www.toyotafinancial.com/us/en/planning_tools/faq/mobileapp-faqs/should-i-use-fingerprint-authentication-if-i-share-my-device-with-others.html
2491,What should I do if my device is lost or stolen?," You should contact your mobile carrier first, then contact our [Customer Service Center](#) and let us know that you device has been lost or stolen. We can disable the login feature within the fingerprint authentication feature on the myTFS app. If you have the Find My iPhone app on your Apple mobile device, or the Find My Device app on your Android mobile device, you can lock your device and keep your information safe. Contact Apple or Google for more information. ",DIRECT_TEXT,https://www.toyotafinancial.com/us/en/planning_tools/faq/mobileapp-faqs/what-should-i-do-if-my-device-is-lost-or-stolen.html
2492,"Once I have enrolled in Touch ID or Fingerprint, can I still log in to my account with my username and password?"," Yes. You can log in to your account with your username and password any time. When you open the myTFS app and prompted to scan your fingerprint, select Cancel to return to the Login page where you can enter your username and password. ",DIRECT_TEXT,https://www.toyotafinancial.com/us/en/planning_tools/faq/mobileapp-faqs/once-i-have-enrolled-in-touch-id-or-fingerprint.html
2493,What happens if I change a fingerprint stored on my phone?," If a change to the fingerprint registry is detected on your device, fingerprint authentication will be disabled. You will have to add a new fingerprint to reactivate fingerprint authentication on your device. ",DIRECT_TEXT,https://www.toyotafinancial.com/us/en/planning_tools/faq/mobileapp-faqs/what-happens-if-i-change-a-fingerprint-stored-on-my-phone.html
2494,How do I enable additional security from Security Settings?, Follow these steps to enable additional security from Security Settings on your mobile device: a. Log in to the myTFS app b.Select More from the Home/My Account page c.Select Security d.Toggle switch On or Off to have your security question presented every time you login e.Select a Security Question f.Enter the Answer to the Security Question g.Select Continue h.Receive a confirmation pop-up i.Select OK ,DIRECT_TEXT,https://www.toyotafinancial.com/us/en/planning_tools/faq/mobileapp-faqs/how-do-i-enable-additional-security-from-security-settings.html
2495,How do I start using the mobile app?," If you have registered for account access from our website, use your login credentials to use the app. If you have not yet registered on the website, launch the app and select Register from the opening screen. ",DIRECT_TEXT,https://www.toyotafinancial.com/us/en/planning_tools/faq/mobileapp-faqs/how-do-i-start-using-the-mobile-app.html
2496,How do I disable additional security?, Follow these steps to disable additional security from Security Settings: a.Log in to the myTFS app b.Select More from the Home/My Account page c.Select Security d.Toggle switch On or Off to have their security question presented during Fingerprint authentication login e.Receive a confirmation pop-up f.Select Confirm to disable fingerprint authentication two-step verification ,DIRECT_TEXT,https://www.toyotafinancial.com/us/en/planning_tools/faq/mobileapp-faqs/how-do-i-disable-additional-security.html
2497,How can I make a principal-only payment on the Mobile App?,"Log in to the app
Select “Make A Payment” on the Dashboard
Select “Make A Principal Only Payment”
Select the Amount and click Continue
Select “Pay On” date and confirm Bank Account
Swipe to Confirm",DIRECT_TEXT,https://www.toyotafinancial.com/us/en/planning_tools/faq/mobileapp-faqs/How_can_I_make_a_principal_only_payment_on_the_Mobile_App.html
2498,Do I have to be registered from your website to use the mobile app?," No. You can register on the app. To use the app, you will be required to accept the Online Policies Agreements for Mobile Device Applications. ",DIRECT_TEXT,https://www.toyotafinancial.com/us/en/planning_tools/faq/mobileapp-faqs/do-i-have-to-be-registered-from-your-website-to-use-the-mobile-app.html
2499,Will I be able to access my account from the mobile app without username and password?," No. To help protect your data, we require customers to enter a valid Username and Password to access the secure account section. ",DIRECT_TEXT,https://www.toyotafinancial.com/us/en/planning_tools/faq/mobileapp-faqs/will-i-be-able-to-access-my-account-from-the-mobile-app-without-username-and-password.html
2500,Will my Username and Password from your website work on the mobile app?," Yes. You will be able to access your account from the app using the same login credentials from our website. To use the app, you will be required to accept the Online Policies Agreements for Mobile Device Applications. ",PORTAL_REDIRECT,https://www.toyotafinancial.com/us/en/planning_tools/faq/mobileapp-faqs/will-my-username-and-password-from-your-website-work-on-the-mobile-app.html
2501,"If I registered from the mobile app, will the login credentials work on your website?"," Yes, The login credentials can be used from either the mobile app or website. If you registered from the app and login for the first time to our website, you will be required to accept the Online Policies Agreements for website. ",DIRECT_TEXT,https://www.toyotafinancial.com/us/en/planning_tools/faq/mobileapp-faqs/if-i-registered-from-the-mobile-app.html
2502,After how many incorrect login attempts will the mobile app be locked?," After your fifth invalid login attempt, your access to the mobile app will be locked. From the login screen, use the self-service tools such as Forgot Password and Forgot Username to reset your login credentials. ",DIRECT_TEXT,https://www.toyotafinancial.com/us/en/planning_tools/faq/mobileapp-faqs/after-how-many-incorrect-login-attempts-will-the-mobile-app-be-locked.html
2503,Will my session time out while using the mobile app?," Yes. To help protect your data, the mobile app session will time out after 5 minutes. To avoid time out, ensure you are active in the session after you login. ",DIRECT_TEXT,https://www.toyotafinancial.com/us/en/planning_tools/faq/mobileapp-faqs/will-my-session-time-out-while-using-the-mobile-app.html
2504,"If I apply for credit, am I obligated to finance or lease a vehicle through TFS?"," No, the online credit application is a tool to help you shop for your vehicle and creates no obligation to finance or lease a vehicle from TFS or from the dealer you select during the process. ",DIRECT_TEXT,https://www.toyotafinancial.com/us/en/planning_tools/faq/online_credit_application/if_i_apply_for_credit_am_i_obligated_to_finance_or_lease_a_vehicle_through_tfs.html
2505,Do I have to go to the dealer on my online credit application?," No. If you are pre-approved for a finance or lease contract, you will receive a pre-approval certificate (via email) that you can use at any participating Toyota dealer. If you use this certificate at a dealer other than the one listed on your online credit application, you are applying for credit at that dealership and may need to provide additional information. ",DIRECT_TEXT,https://www.toyotafinancial.com/us/en/planning_tools/faq/online_credit_application/do_i_have_to_go_to_the_dealer_on_my_online_credit_application.html
2506,How secure is the online credit form?," As a financial services company, TFS works hard to protect your privacy and security. We have adopted technology and security standards widely used throughout the online banking industry. When you submit your credit application or access your account information, your data is encrypted for further security. Please read our [Privacy Policy](/us/en/online_policies_and_agreements.html) for more information. ",PORTAL_REDIRECT,https://www.toyotafinancial.com/us/en/planning_tools/faq/online_credit_application/how_secure_is_the_online_credit_form.html
2507,Im not comfortable applying for credit online. Are there other ways I can apply?," Yes. If you would rather not apply online, simply [download the application](/content/dam/tmcc-webcommons/toyotafinancial/documents/planning_tools/FAQS/F0300.pdf), fill it out, then fax or take a hard copy with you to your local Toyota dealer. Note : To view and print this PDF document, you need to install the free Adobe Acrobat Reader DC on to your computer. ",PDF_ATTACHMENT,https://www.toyotafinancial.com/us/en/planning_tools/faq/online_credit_application/im_not_comfortable_applying_for_credit_online.html
2508,Why cant I use the online credit application?," If you entered your ZIP code and got a message that you were out of our serviced area, that means that the dealers in your area dont take online applications. Instead, you can simply print out the [application form](/content/dam/tmcc-webcommons/toyotafinancial/documents/financing_options/for_businesses/business_credit_application/TFSBusinessSolutionsCreditApp.pdf), fill it out and take a hard copy in to your local dealer. ",PDF_ATTACHMENT,https://www.toyotafinancial.com/us/en/planning_tools/faq/online_credit_application/why_cant_i_use_the_online_credit_application.html
2509,Will a credit check be run on my co-applicant?," Yes. Since your co-applicant is applying to be the co-buyer or lessee on your finance or lease contract, we need to run a credit report for you and your co-applicant. ",DIRECT_TEXT,https://www.toyotafinancial.com/us/en/planning_tools/faq/online_credit_application/will_a_credit_check_be_run_on_my_coapplicant.html
2510,Why do you need my zip code? Can I change it after submitting my application?," We ask for your ZIP code to determine if you are in an area where the local dealers accept online credit applications. Because vehicle option combinations vary by region, your ZIP code also helps us more accurately estimate the amount youll need to finance or lease a vehicle in your area. We remember your ZIP code to help create a personalized experience, allowing us to provide accurate information for your area of residence. The ZIP code you enter as part of the online credit application process is an example of this. To change to a different ZIP code, youll need to close and re-launch your Internet browser to begin a new session. ",DIRECT_TEXT,https://www.toyotafinancial.com/us/en/planning_tools/faq/online_credit_application/why_do_you_need_my_zip_code.html
2511,Why does the form repeatedly return me to the zip code entry screen?," Your browser settings need to accept cookies for all of the features of the online credit application to work correctly. Cookies allow us to receive and store information when your browser accesses our website. If your browser settings are not set to accept cookies, you will not be able to complete the online credit application process. If youd like to enable cookies within your browser, refer to the Help portion of your browsers toolbar. ",DIRECT_TEXT,https://www.toyotafinancial.com/us/en/planning_tools/faq/online_credit_application/why_does_the_form_repeatedly_return_me_to_the_zip_code_entry_screen.html
2512,What happens if I leave my computer in the middle of the application process?," If you leave your computer for 5 minutes or more, your credit application session will time out. This security feature has been put in place to protect your personal information. Please note that if your session times out, the information you entered will be erased and youll need to begin the process again. ",DIRECT_TEXT,https://www.toyotafinancial.com/us/en/planning_tools/faq/online_credit_application/what_happens_if_i_leave_my_computer_in_the_middle_of_the_application_process.html
2513,The website and application list a Total SRP. How is the final sales price determined?, Total SRP is the Total Suggested Retail Price from the manufacturer. The final price will be agreed upon by you and the dealer. ,DIRECT_TEXT,https://www.toyotafinancial.com/us/en/planning_tools/faq/online_credit_application/the_website_and_application_list_a_tsrp.html
2514,How is my annual percentage rate (APR) determined?," Your Annual Percentage Rate (APR) is agreed upon by you and your dealer. Take a look at [Understanding The Finance Charges](/content/dam/tmcc-webcommons/toyotafinancial/documents/financing_options/buy_a_toyota/TFS_simple_interest.pdf) to see how your interest is calculated. Note: To view this PDF document, you need to install the [free Adobe Acrobat Reader DC](https://get.adobe.com/reader/) on to your computer. ",PDF_ATTACHMENT,https://www.toyotafinancial.com/us/en/planning_tools/faq/online_credit_application/how_is_my_annual_percentage_rate_apr_determined.html
2515,What happens after my application is received?," After you submit your application, our credit analysts review it and make a decision. If you are approved, we notify you via email within one business day. The email has a pre-approval certificate embedded in it that is valid for 30 days from the date it was issued. You can use it at the Toyota dealer of your choice or at any participating Toyota dealer. Your selected dealer may also contact you to schedule an appointment to discuss your financing needs. In some cases, TFS and your dealer may need more time to finalize a credit decision. If you are not approved within one business day, your dealer may contact you with details on the status of your application. You should receive a final credit decision from us within three business days. ",DIRECT_TEXT,https://www.toyotafinancial.com/us/en/planning_tools/faq/online_credit_application/what_happens_after_my_application_is_received.html
2516,What are my options if my application is not approved?, You can contact your selected dealer (or any participating dealer) for more information and your options. You will also receive a letter from TFS explaining our credit decision and your rights. ,DIRECT_TEXT,https://www.toyotafinancial.com/us/en/planning_tools/faq/online_credit_application/what_are_my_options_if_my_application_is_not_approved.html
2517,I was approved with modified terms. How do I find out what the original terms were?, You can contact your selected dealer (or any participating dealer) to discuss the details of your original terms and your modified approval. ,DIRECT_TEXT,https://www.toyotafinancial.com/us/en/planning_tools/faq/online_credit_application/i_was_approved_with_modified_terms.html
2518,Where can I find my pre-approval certificate?," The pre-approval certificate is embedded in the body of the approval email, instead of being sent as a separate attachment. Print and take the email with you to your dealer. If you applied with a co-applicant, only the primary applicant will receive a pre-approval certificate. ",DIRECT_TEXT,https://www.toyotafinancial.com/us/en/planning_tools/faq/online_credit_application/where_can_i_find_my_preapproval_certificate.html
2519,What is Paperless?," Paperless is a free service that replaces your paper billing statements with electronic paperless billing statements. You receive email alerts when your statements are available to view online, approximately 2 weeks before your monthly payment due date. ",DIRECT_TEXT,https://www.toyotafinancial.com/us/en/planning_tools/faq/paperless_billing/what_is_go_paperless.html
2520,How do I enroll in Paperless Billing?,"Log in to the website
Select “Menu” from the top navigation bar
Select “Billing Statements” under Manage Account
Toggle the “Go Paperless” button to On
Select ""Go Paperless"" on the enable paperless billing pop-up",DIRECT_TEXT,https://www.toyotafinancial.com/us/en/planning_tools/faq/paperless_billing/how_do_i_enroll_in_paperless_billing.html
2521,I just enrolled in Go Paperless. When will my first paperless billing statement be available to view online?," You will receive an email notification stating that your billing statement is available to view online approximately 2 weeks before your monthly payment due date. However, if you are a new customer, it may take up to 2 billing cycles to activate. Note: Please continue to make payments with your paper statement until you receive an email notification that you can view and access your statements online. ",DIRECT_TEXT,https://www.toyotafinancial.com/us/en/planning_tools/faq/paperless_billing/i_just_enrolled_in_go_paperless_when_will_my_first_paperless_billing_statement_be_available_to_view_online.html
2522,How do I cancel Paperless?,"Log in to the website
Select “Menu” from the top navigation bar
Select “Billing Statements” under Manage Account
Toggle the “Go Paperless” button to Off
Select ""Disable Paperless"" on the pop-up",DIRECT_TEXT,https://www.toyotafinancial.com/us/en/planning_tools/faq/paperless_billing/how_do_i_cancel_go_paperless.html
2523,"What if I cancel Paperless, then change my mind?","Log in to your account
Select “My Profile” from the navigation bar
Click “Paperless”
Select the statements and documents you’d like to access online only
Click the “Save Changes” button at the bottom of the page and you will receive an “Information Saved” message informing you that your changes have been updated successfully",DIRECT_TEXT,https://www.toyotafinancial.com/us/en/planning_tools/faq/paperless_billing/what_if_i_cancel_go_paperless_then_change_my_mind.html
2524,"What payment methods do you offer? Can I pay with cash, credit, or debit card?"," Unfortunately, we cant process cash, credit, or debit card payments. Since cash is not an accepted payment method, we reserve the right to not process a payment provided in cash and return the cash to the sender by regular mail. However, we do offer several other options to help you keep your account up to date: Pay Online - This flexible, convenient and secure service allows you to schedule a one-time or recurring payment on our website or mobile app and avoid writing monthly checks. AutoCheque - We can automatically debit your monthly vehicle payment from your bank account. Simply download, print, complete and submit an [AutoCheque form](/content/dam/tmcc-webcommons/toyotafinancial/documents/planning_tools/ways_to_pay/TFS_Auto_Cheque_Form.pdf) (in PDF format) and well get you started. To view this PDF document, you need to install the free [Adobe Acrobat Reader DC](https://get.adobe.com/reader/) on to your computer. Pay by Mail - If youre not sure where to send your payment, log in to your account to see the current mailing address. Pay by Phone - You can make a payment from your checking account 24 hours a day by calling 1-(800)-874-8822 for our Customer Service Team. Please have your routing and bank account numbers available when you call. ",PDF_ATTACHMENT,https://www.toyotafinancial.com/us/en/planning_tools/faq/payments/what_payment_methods_do_you_offer_can_i_pay_with_cash_credit_or_debit_card.html
2525,How can I set up automatic payments?,"Log in to the website
Select ""Set Up Recurring Payments"" or “Make One-Time Payment” from your Dashboard
Fill in the required fields to schedule your payment
Select ""Confirm"" on the Payment page",DIRECT_TEXT,https://www.toyotafinancial.com/us/en/planning_tools/faq/payments/how_can_i_set_up_automatic_payments.html
2526,How long does it take for AutoCheque to begin debiting from my account and when will my AutoCheque payment come out?," After receiving your completed and signed form, we will process your enrollment request. Enrollment is generally completed within 14 business days. Continue making your regularly scheduled payments. You will receive an AutoCheque enrollment confirmation notice identifying the first automatic withdrawal date and amount. ",DIRECT_TEXT,https://www.toyotafinancial.com/us/en/planning_tools/faq/payments/how_long_does_it_take_for_autocheque_to_begin_debiting_from_my_account_and_when_will_my_autocheque_payment_come_out.html
2527,How can I pay toward Principal Reduction?," Amounts in excess of the total amount due are applied to the unpaid principal and will be applied toward your next scheduled payment. Depending on the amount, your account may be considered paid ahead. Daily interest continues to accrue on your unpaid principal balance. Follow these steps to make a principal-only payment: Website : From the Make One-Time Payment page, select Make A Principal Only Payment. Your account must be current. App : From the Dashboard or Make One-Time Payment page, select Make A Principal Only Payment. Your account must be current. Mail : Include your account number and Principal Only on the memo line of the check and mail to: Toyota Financial Services PO Box 4700 Phoeniz, AZ 85030 Phone : Speak to a Team Member or use our automated system at 1-(800)-874-8822 Puerto Rico Customers: Please send payment(s) PO Box 366251, San Juan, P.R. 00936-6252 Note: Principal-only payments will reduce your unpaid principal balance only and will not be applied toward past-due amounts or payments that are currently due or will become due in the future. You remain responsible for making timely payments as they become due. You can make a principal-only payment via any of our automated systems every 24 hours. Additional principal-only payments may be made with an agent. ",DIRECT_TEXT,https://www.toyotafinancial.com/us/en/planning_tools/faq/payments/how_can_i_reduce_my_principal_balance.html
2528,Will I be charged a late fee if my payment is not received by the due date?," Late fees are subject to state laws. Please review your contract or billing statement for account specific details. You can view your electronic (paperless) billing statements through your bill pay service providers website, if it is available, or here at ToyotaFinancial.com, if you are a registered account holder. You need your account number to register. Note: To view, download and print electronic billing statements, you need to install the free Adobe Acrobat Reader DC on to your computer. ",DIRECT_TEXT,https://www.toyotafinancial.com/us/en/planning_tools/faq/payments/will_i_be_charged_a_late_fee_if_my_payment_is_not_received_by_the_due_date.html
2529,How can I get a refund on a payment?," If you need help with a refund, please contact [Customer Service Team](https://www.toyotafinancial.com/us/en/contact_us.html) or submit a New Support Request through the Support Center. Be prepared to provide the payment amount, the date received, and confirmation number (if applicable). If you made your payment by mail, AutoCheque, or Pay Online, TFS will issue a refund check through the mail. Please allow approximately 7-10 business days from the date the refund check is mailed for the check to arrive. Note: If your refund request brings your account past due, a refund cannot be issued. ",DIRECT_TEXT,https://www.toyotafinancial.com/us/en/planning_tools/faq/payments/how_can_i_get_a_refund_on_a_payment.html
2530,Why was my recurring payment cancelled?," If your final lease payment has been made, we will automatically cancel recurring payments. If you have extended your lease agreement, please update your online recurring payments based on your extension period and amount reflected in your lease extension agreement terms. If your bank has returned NSF payments four or more times within the last 12 months, we will automatically cancel recurring payments. Please contact us to discuss options. ",DIRECT_TEXT,https://www.toyotafinancial.com/us/en/planning_tools/faq/payments/why-was-my-recurring-payment-cancelled.html
2531,What payment relief options are available if I was affected by a natural disaster?,"Log in to the website
Select “Menu” from the top navigation bar
Select My Requests
Select Create New Request
From the ""How can we help you?"" dropdown, select Payment Relief
Select Submit and a confirmation notification will be sent to your email on file",DIRECT_TEXT,https://www.toyotafinancial.com/us/en/planning_tools/faq/payments/what_payment_relief_options_are_available_if_I_was_affected_by_a_natural_disaster.html
2532,What are my privacy choices? How do I set up preferences to allow or limit how TFS shares my personal information?,"Log in to the website
Select “My Profile” from under the Welcome Tab
Click “Privacy Choices”
Select the item(s) you wish to allow sharing
Click the “Save Changes” button, and you will receive a message informing you that your privacy choices have been updated",DIRECT_TEXT,https://www.toyotafinancial.com/us/en/planning_tools/faq/privacy/What_are_my_privacy_choices_How_do_I_set_up_preferences_to_allow_or_limit_how_TFS_shares_my_personal_information.html
2533,"What are my options for receiving my Privacy Policy and will I need to update my choice each year? After I have made a choice, can I change it later?"," We provide you with the most up-to-date version of your Privacy Policy on an annual basis either by mail or electronically. On the TFS website, you can choose how youd like to receive your Privacy Policy. You wont need to update your choice each year, it will remain in effect until it is changed or revoked by you. You can change your choice on the TFS website at any time. However, please be aware that choices made within a short time period prior to the annual mailing may not go into effect at the time of mailing. We will post on the TFS website the final day that changes may be made, which will affect your current annual mailings. ",DIRECT_TEXT,https://www.toyotafinancial.com/us/en/planning_tools/faq/privacy/what_are_my_options_for_receiving_my_privacy_policy_and_will_i_need_to_update_my_choice_each_year_after_i_have_made_a_choice_can_i_change_it_later.html
2534,What happens if I dont make a choice?," If no choice is made, you will receive your Privacy Policy by mail. Additionally, youll be able to view your Privacy Policy on the TFS website at any time as long as you are a registered user. If you choose to receive your Privacy Policy only electronically, you will no longer receive a copy in the mail and will get an email notification informing you that a new Privacy Policy is ready to view on the TFS website. Note: California customers will receive an email with the Privacy Policy as an attachment. ",DIRECT_TEXT,https://www.toyotafinancial.com/us/en/planning_tools/faq/privacy/what_happens_if_i_dont_make_a_choice.html
2535,Will I be able to view the most recent version of the Privacy Policy on the TFS website?," Yes. All customers who are registered on the TFS website can view their most recent Privacy Policy online. If you choose to receive the Privacy Policy only electronically, we will no longer mail you a copy. ",DIRECT_TEXT,https://www.toyotafinancial.com/us/en/planning_tools/faq/privacy/will_i_be_able_to_view_the_most_recent_version_of_the_privacy_policy_on_the_tfs_website.html
2536,"If I already opted in for paperless billing, does that mean I will also receive my Privacy Policy electronically?", No. Opting in for paperless billing does not apply to the Privacy Policy. You need to take an additional step to choose to receive your Privacy Policy only electronically. ,DIRECT_TEXT,https://www.toyotafinancial.com/us/en/planning_tools/faq/privacy/if_i_already_opted_in_for_paperless_billing_does_that_mean_i_will_also_receive_my_privacy_policy_electronically.html
2537,Why are there other documents listed along with the Privacy Policy that I can choose to receive only electronically? Can I choose to receive some documents electronically and others by paper?," On an annual basis, TFS provides you with your Privacy Policy, a Legal Servicing Notice, and our Pay by Phone Error Resolution Notice. For each document type listed, you can choose how they are received. You may choose to receive all of them electronically, by mail, or a combination of both. ",DIRECT_TEXT,https://www.toyotafinancial.com/us/en/planning_tools/faq/privacy/why_are_there_are_other_documents_listed_along_with_the_privacy_policy_that_i_can_choose_to_receive_only_electronically_can_i_choose_to_receive_some_documents_electronically_and_others_by_paper.html
2538,Will I be charged a fee if I chose to receive my privacy policy only electronically?, No. There is no fee associated your preference for how you wish to receive your Privacy Policy or any other TFS account-related document. ,DIRECT_TEXT,https://www.toyotafinancial.com/us/en/planning_tools/faq/privacy/will_i_be_charged_a_fee_if_i_chose_to_receive_my_privacy_policy_only_electronically.html
2539,Is the distribution of the Privacy Policy the only instance in which I will receive my Privacy Policy electronically?," No. If you move from one state to another and notify us with your new address, you may receive a new Privacy Policy due to state-specific content. ",DIRECT_TEXT,https://www.toyotafinancial.com/us/en/planning_tools/faq/privacy/is_the_distribution_of_the_privacy_policy_the_only_instance_in_which_i_will_receive_my_privacy_policy_electronically.html
2540,"If I chose to receive my Privacy Policy only electronically, why am I still receiving a paper notice at my mailing address?"," If you chose to receive your Privacy Policy only electronically, but the email we send to notify you is unable to be delivered, we will mail it to ensure that you receive a copy. Also, in some cases involving multiple account holders, if one chooses to receive their notice electronically, while others do not, a notice may be mailed. ",DIRECT_TEXT,https://www.toyotafinancial.com/us/en/planning_tools/faq/privacy/if_i_chose_to_receive_my_privacy_policy_only_electronically_why_am_i_still_receiving_a_paper_notice_at_my_mailing_address.html
2541,Are there any incentives for repeat customers?," If youve previously financed or leased a vehicle through TFS, you may be eligible for special benefits, including a disposition fee waiver. Contact your dealer or [visit our repeat customer page](/us/en/financing_options/rebate_finance_programs/repeat_customers.html) to learn more. ",LINK_OUT,https://www.toyotafinancial.com/us/en/planning_tools/faq/repeat_customers/are_there_any_incentives_for_repeat_customers.html
2542,How can I get brochures for the programs or vehicles I am interested in?," To download Toyota vehicle brochures, please visit the Get a Toyota Brochure page on Toyota.com. Note: To view the PDF documents, you need to install the free Adobe Acrobat Reader DC on to your computer. ",PDF_ATTACHMENT,https://www.toyotafinancial.com/us/en/planning_tools/faq/shopping/how_can_i_get_brochures_for_the_programs_or_vehicles_i_am_interested_in.html
2543,Im shopping for a used Toyota and keep coming across the term TCUV. What does that mean?," TCUV stands for Toyota Certified Used Vehicle. TCUVs are different from other used Toyota vehicles because each one undergoes a 160-point comprehensive Quality Assurance Inspection, receives a Vehicle History Report, and includes a 12-month/12,000-mile Comprehensive Warranty, a 7-year/100,000-mile Limited Powertrain Warranty, and 1 year of 24/7 Roadside Assistance. To learn more, check out our [Toyota Financial Services TCUV Program](/us/en/vehicle_protection_plan/vehicle_service_agreements.html) and visit Toyotacertified.com .  Whichever comes first, from date of Toyota Certified Used Vehicle purchase  Whichever comes first, from original date of first use when sold as new ",LINK_OUT,https://www.toyotafinancial.com/us/en/planning_tools/faq/shopping/shopping_for_a_used_toyota_and_keep_coming_across_the_term_tcuv.html
2544,What is Support Center and is it secure?," Support Center gives you a secure way to reach our Customer Service Team. It works like a personal inbox on the TFS website, with the added security that your Support Requests can only be viewed by you and us. 1 To utlize the Support Center, log in to your account and go to the Mail Center Inbox 1 . ",PORTAL_REDIRECT,https://www.toyotafinancial.com/us/en/planning_tools/faq/support_center/what_is_support_center_and_is_it_secure.html
2545,How do I know when customer service has responded to my message and how do I access new mail?," When a Customer Service Team member replies to your Support Request, you will receive an email in your regular email inbox. The email will have a link that requires you to log in to access the message. 1 Note: If your email program does not show the link as clickable, you may need to copy and paste the link into the address field of your browser and press Enter. When you log in to your account, there will also be a new message alert in Support Center if you have a new message in your Inbox. Log in to your account and click on the Mail Center Inbox link in the left navigation area to access Support Center. ",DIRECT_TEXT,https://www.toyotafinancial.com/us/en/planning_tools/faq/support_center/how_do_i_know_when_customer_service_has_responded_to_my_message_and_how_do_i_access_new_mail.html
2546,What happens if I leave my computer or it takes me a long time to enter my support request?," After 5 minutes of inactivity, you are automatically logged off the system and any information you entered is erased. This security feature is in place to protect your personal information. If you think it will take longer than 5 minutes to type your request, prepare it in advance, then copy and paste it into the Description field. 1 ",DIRECT_TEXT,https://www.toyotafinancial.com/us/en/planning_tools/faq/support_center/what_happens_if_i_leave_my_computer_or_it_takes_me_a_long_time_to_enter_my_support_request.html
2547,"I updated my email address in My Profile, but Support Center still shows my old address. What should I do?"," To protect your privacy, your email address is not updated in Support Center until the next time you log in to your account. 1 ",DIRECT_TEXT,https://www.toyotafinancial.com/us/en/planning_tools/faq/support_center/i_updated_my_email_address_in_my_profile_but_support_center_still_shows_my_old_address_what_should_i_do.html
2548,Can I attach documents to a support request?," Yes. After you submit a Support Request, the system will then display an attachment button below the message field, which you can use to attach your documents. 1 ",DIRECT_TEXT,https://www.toyotafinancial.com/us/en/planning_tools/faq/support_center/can_i_attach_documents_to_a_support_request.html
2549,"I got a message that my support request was resolved, but I still have questions. What should I do?"," If you have additional questions related to your resolved request, you can reply to a resolved Support Request. Please note that this will go directly to the Customer Service Team member who assisted you with the initial request. 1 ",DIRECT_TEXT,https://www.toyotafinancial.com/us/en/planning_tools/faq/support_center/i_got_a_message_that_my_support_request_was_resolved_but_i_still_have_questions_what_should_i_do.html
2550,Are all account questions handled in Support Center?," Our [Customer Service Team](/us/en/contact_us.html) responds to Support Requests received through Support Center. If your account is being handled by a specific department, you may be directed to contact us by phone for assistance. 1 ",DIRECT_TEXT,https://www.toyotafinancial.com/us/en/planning_tools/faq/support_center/are_all_account_questions_handled_in_support_center.html
2551,How long will it take to get a reply to my support request?," On average, it can take 1-2 business days to receive a reply. For time-sensitive issues, please contact our [Customer Service Team](/us/en/contact_us.html) by phone. 1 ",DIRECT_TEXT,https://www.toyotafinancial.com/us/en/planning_tools/faq/support_center/how_long_will_it_take_to_get_a_reply_to_my_support_request.html
2552,What should I do if I am having technical difficulties?, Please contact our [Customer Service Team](/us/en/contact_us.html) for help with any technical issues. 1 ,DIRECT_TEXT,https://www.toyotafinancial.com/us/en/planning_tools/faq/support_center/what_should_i_do_if_i_am_having_technical_difficulties.html
2553,Who is Toyota Insurance?," Toyota Insurance is the only Toyota owned independent insurance agency in the USA selling Property Casualty products. We partner with 23 insurance companies, so its easy to find great coverage at a great price. Visit https://toyotainsurance.com  Toyota Insurance is a brand name of Toyota Insurance Management Solutions USA, LLC (TIMS). TIMS is a licensed insurance agency in all states and the District of Columbia. TIMS is a Delaware-domiciled limited liability company with its principal place of business at 7600 Windrose Avenue, Suite G240 Plano, TX 75024, USA. In California, TIMS operates under the name Toyota Insurance Management Solutions, LLC and license number 0L46875. In New York, TIMS operates under the name Toyota Insurance Management Solutions Agency and license number 1494294. The issuance of a license is not an endorsement or sponsorship, actual or implied, by any state. Products underwritten by TIMS 3rd party insurance carriers. Product availability varies by state. Coverages, benefits, and discounts may vary by state and are subject to terms and conditions of the policy. ",DIRECT_TEXT,https://www.toyotafinancial.com/us/en/planning_tools/faq/toyota_insurance/Who_is_Toyota_Insurance.html
2554,What insurers have partnered with Toyota Insurance?," Our current partners include American Risk Insurance, American Strategic Insurance, Bristol West Insurance, California Fair Plan Property Insurance, Chubb Limited, Clearcover Insurance, Dairyland Insurance, Elephant Insurance, Farmers Insurance, Foremost Insurance, Hagerty Insurance, The Hartford Insurance, Infinity Insurance, Liberty Mutual Insurance, Mercury Insurance, National General Insurance, Openly Insurance, Pacific Specialty Insurance, Progressive Insurance, Pure Insurance, Root Insurance, Safeco Insurance, Steadily Insurance, Stillwater Insurance, Texas Windstorm Insurance Association, Travelers Insurance, and Vault Insurance; we are working to bring additional companies on board to provide our customers with a wide variety of insurance options. We will partner only with companies that are as committed as we are to providing value for Toyota owners. Visit https://toyotainsurance.com ",DIRECT_TEXT,https://www.toyotafinancial.com/us/en/planning_tools/faq/toyota_insurance/What_insurers_have_partnered_with_Toyota_Insurance.html
2555,Can I bundle my home and auto policies through Toyota Insurance?," Yes, you can. Toyota Insurance agents are standing by, ready to help you build a comprehensive insurance bundle that protects all your assets. Visit https://toyotainsurance.com ",DIRECT_TEXT,https://www.toyotafinancial.com/us/en/planning_tools/faq/toyota_insurance/Can_I_bundle_my_home_and_auto_policies_through_Toyota_Insurance.html
2556,What is usage-based insurance?," Usage-based insurance or UBI, is a way for you to opt-in to share your driving data and, based on how you and your family drive, potentially save money on an auto insurance policy. Visit https://toyotainsurance.com ",DIRECT_TEXT,https://www.toyotafinancial.com/us/en/planning_tools/faq/toyota_insurance/What_is_Usage-Based_Insurance.html
2557,What data is shared for usage-based insurance?," With your consent, your modern car, truck, or SUV collects input from your vehicle every time you drive. Hundreds of sensors in the vehicle monitor data points including speed, braking, acceleration, driving time, steering, safety system activation, and even when your vehicle needs its next maintenance. Modern vehicles are equipped with a device called a Data Communication Module (DCM) that transmits telematics data every single second. Anti-lock braking systems (ABS), traction control, adaptive cruise control, all need to collect feedback from dozens of vehicle systems so that you can use them when you drive. Visit https://toyotainsurance.com ",DIRECT_TEXT,https://www.toyotafinancial.com/us/en/planning_tools/faq/toyota_insurance/what_data_is_shared_for_usage_based_insurance.html
2558,Is a Toyota Vehicle Service Agreement (VSA) the same as a manufacturers basic warranty? How do they compare to other extended service plans?," No. Toyota VSAs are optional, Toyota-backed plans that offer high quality protection against unexpected mechanical breakdowns. The manufacturers basic warranty is included with the vehicle, where applicable. Some dealerships offer extended service plans that are honored only by the dealer, not backed by Toyota. A dealer-backed plan usually requires you to have your vehicle serviced at that specific dealership. Dealerships may also sell aftermarket programs backed by third-party companies that may further subcontract the work on your vehicle. Benefits of purchaing a Toyota Vehicle Service Agreement include: Reliability A Vehicle Service Agreement (VSA) backed by Toyota is a promise that we will take care of your covered repair needs whenever unexpected problems arise, using factory-trained technicians. Comprehensive Coverage You may use this VSA at any participating Toyota dealership in the U.S.A. and Canada. We offer a wide range of coverage levels with various time and mileage options  up to 8 years and 125,000 miles. You select the coverage and options that best meet your needs. Visit the [Vehicle Service Agreement section](/us/en/vehicle_protection_plan/vehicle_service_agreements.html) for a comprehensive listing of coverage and terms available. Deductible Options Toyotas VSA offers two options: a 0 deductible under which all covered repairs continue to be performed without charge, or a 100 disappearing deductible that will be applied to each covered repair visit not performed at your selling dealership. 1 Cancellation Toyotas VSA may be cancelled at any time. You are entitled to a full refund less a fifty-dollar (50.00) processing fee for cancellations within the first 30 days (as permitted by law) on both new and used vehicle contracts  for whatever reason you decide to cancel  as long as no claims have been filed on your contract. In all other cases, the refund will be pro-rated based on the elapsed time or mileage from the date the coverage began (less a 50.00 processing fee). 1 Transferability A new vehicle VSA may also be transferred to the second retail purchaser only of the vehicle at no additional cost. A VSA cannot be transferred to a dealership, entity or individual in the business of selling vehicles. 1 1. These terms may vary by product agreement and/or by state. Contact your Toyota dealer for details. ",DIRECT_TEXT,https://www.toyotafinancial.com/us/en/planning_tools/faq/financing_and_protection_products/is_a_toyota_vehicle_service_agreement_vsa_the_same_as_a_manufacturers_basic_warranty.html
2559,What does my Toyota Vehicle Service Agreement (VSA) cover? Is mechanical breakdown protection included?," Your Toyota VSA provides additional benefits, above and beyond the manufacturers basic warranty. With a VSA, you have access to benefits such as 24/7 roadside assistance, towing to the nearest Toyota dealer, car rental, meal and lodging reimbursement and more. As part of your Toyota VSA, mechanical breakdown protection covers eligible repair costs due to mechanical breakdown of covered components after your vehicles factory warranty expires. Restrictions apply, and some benefits are not available on used vehicle plans or in Hawaii. See your Toyota dealer for complete details. ",DIRECT_TEXT,https://www.toyotafinancial.com/us/en/planning_tools/faq/financing_and_protection_products/is_a_toyota_vehicle_service_agreement_vsa_the_same_as_a_manufacturers_basic_warranty_how_do_they_compare_to_other_extended_service_plans.html
2560,Where and when can I purchase a Toyota Vehicle Service Agreement? Can I purchase a VSA after I purchase my Toyota?,"""New Vehicle"" Vehicle Service Agreements are available for purchase during the first 3 years or 36,000 miles from time of purchase or lease, whichever comes first
“Certified Used Vehicle” Vehicle Service Agreements are available for purchase during the first 12 months or 12,000 miles from time of purchase or lease, whichever comes first
""Used Vehicle"" Vehicle Service Agreements must be purchased at the time of used vehicle sale only",DIRECT_TEXT,https://www.toyotafinancial.com/us/en/planning_tools/faq/financing_and_protection_products/where_and_when_can_i_purchase_a_toyota_vehicle_service_agreement_can_i_purchase_a_vsa_after_i_purchase_my_toyota.html
2561,Can I buy a Toyota Certified Used Vehicle Service Agreement for my used vehicle?," Yes. If your vehicle is a Toyota Certified Used Vehicle and has a Toyota Certified Used Vehicle Limited Powertrain, it is eligible for the Toyota Certified Used Vehicle Service Agreement. If youd like a Vehicle Service Agreement for your used vehicle, take a look at our [Used Vehicle Protection Plans](/us/en/vehicle_protection_plan/used_vehicle.html). ",DIRECT_TEXT,https://www.toyotafinancial.com/us/en/planning_tools/faq/financing_and_protection_products/can_i_buy_a_toyota_certified_used_vehicle_service_agreement_for_my_used_vehicle.html
2562,What are my obligations with a Vehicle Service Agreement (VSA)?," Youll need to perform all recommended maintenance procedures outlined in your vehicles Scheduled Maintenance Log (specific to the year and model of your vehicle), including oil and filter changes, lubrication of key chassis parts, maintenance of proper fluid levels, replacement of belts, etc. Be sure to keep careful maintenance records. We recommend that you schedule your service appointments at your local Toyota dealer, where factory-trained, certified technicians use genuine Toyota parts. See your Toyota [Vehicle Service Agreement](/us/en/vehicle_protection_plan/vehicle_service_agreements.html) for complete terms and conditions. ",DIRECT_TEXT,https://www.toyotafinancial.com/us/en/planning_tools/faq/financing_and_protection_products/what_are_my_obligations_with_a_vehicle_service_agreement_vsa.html
2563,What are Voluntary Protection Products?," Voluntary Protection Products are optional vehicle protection plans designed to help protect your investment and provide peace of mind against unexpected issues. Vehicle Service Agreements, Prepaid Maintenance, Guaranteed Auto Protection, Tire Wheel Protection, Key Replacement, and Excess Wear Use Protection are examples of Voluntary Protection Products. A Voluntary Protection Product is a product or service offered to vehicle buyers that is sold above and beyond the vehicle price. The purchase of a Voluntary Protection Product is optional, cancelable (subject to specific agreement terms) and not required to obtain credit. ",DIRECT_TEXT,https://www.toyotafinancial.com/us/en/planning_tools/faq/voluntary_protection_products/what_are_voluntary_protection_products.html
2564,Whats considered excessive wear and use?," Any damage that is beyond normal wear and tear is considered excessive. Some examples might include tears or burns on upholstery, missing or broken equipment or large dents or scratches on the exterior of the vehicle. If it helps to see some examples of whats considered excessive, check out our [Wear and Use Guidelines](https://www.toyotafinancial.com/content/dam/nextgen-shared/lease-end/TFS_lease-end_guide.pdf). We also recommend reviewing your lease agreement as it includes additional excess wear and use information specific to your vehicle. Just a heads up, though, the examples provided may not include all instances of excessive damage that could subject you to additional charges based on the terms of your lease agreement. ",PDF_ATTACHMENT,https://www.toyotafinancial.com/us/en/planning_tools/faq/wear_and_use/wha_is_considered_excessive_wear_and_use.html
2565,Can I make repairs to my leased vehicle so I dont incur wear and use charges?," Of course. In fact, we encourage you to schedule a complimentary inspection and to review the [Wear and Use Guidelines](https://toyotafinancial.com/pub/static/lease_end/wear---use.html) to see whether your vehicle has wear and use that is considered excessive. If repair work is needed and youd like to make repairs prior to turning in the vehicle, your local Toyota dealer is a great option to assist you. Be sure to keep all of your receipts for repairs made and review your insurance policy to see if any items may be covered. If your damages exceeding normal wear and use arent repaired, it can result in charges at lease termination. 1 All charges may be subject to sales tax. ",DIRECT_TEXT,https://www.toyotafinancial.com/us/en/planning_tools/faq/wear_and_use/can_i_make_repairs_to_my_leased_vehicle_so_i_do_not_incur_wear_and_use_charges.html
2566,What is a courtesy pre-inspection?, A courtesy pre-inspection by your Lexus dealer assesses the condition of your vehicle and provides an estimate of wear and use charges that could be due at lease-end. 1 1 Courtesy pre-inspection available to lease customers who do not reside in Hawaii and whose leases did not originate in New Hampshire or Wisconsin. ,DIRECT_TEXT,https://www.toyotafinancial.com/us/en/planning_tools/faq/wear_and_use/what-is-a-courtesy-pre-inspection.html
2567,How do I schedule a courtesy pre-inspection?, You can contact your originating dealer or any Lexus dealer to determine if they can conduct a courtesy pre-inspection and appointment. We recommend completing this within 60 days before your vehicle return .1 1 Courtesy pre-inspection available to lease customers who do not reside in Hawaii and whose leases did not originate in New Hampshire or Wisconsin. ,DIRECT_TEXT,https://www.toyotafinancial.com/us/en/planning_tools/faq/wear_and_use/how-do-I-schedule-a-courtesy-pre-inspection.html
2568,What do I need for my courtesy pre-inspection and lease return appointments?,"Vehicle keys
Toolkit and spare tire
Owner’s Manual
Original equipment",DIRECT_TEXT,https://www.toyotafinancial.com/us/en/planning_tools/faq/wear_and_use/what-do-I-need-for-my-courtesy-pre-inspection.html
2569,What should I do after my courtesy pre-inspection?," After your courtesy pre-inspection, you can discuss the inspection report immediately with the dealer in person. You can access the report via the Document Center on our mobile app or at toyotafinancial.com. You can make repairs before turning in your vehicle - just be sure to keep receipts for your records. ",DIRECT_TEXT,https://www.toyotafinancial.com/us/en/planning_tools/faq/wear_and_use/what-should-I-do-after-my-courtesy-pre-inspection.html
2570,What is this email and why did I receive it?, An email that was sent to you includes encryption to ensure any sensitive information is shared securely. The email will direct you to a web portal to create an account and then view the content. It will also allow you to communicate securely with TFS. ,DIRECT_TEXT,https://www.toyotafinancial.com/us/en/planning_tools/faq/encrypted-email/what-is-this-email-and-why-did-i-receive-it-.html
2571,How do I read the message sent to me?, Click the link in the message body to launch a browser to authenticate so that you can decrypt and read the message. ,DIRECT_TEXT,https://www.toyotafinancial.com/us/en/planning_tools/faq/encrypted-email/how-do-i-read-the-message-sent-to-me-.html
2572,Is this related to my online financial customer account?," No, this is a separate account specific to an encrypted email. Do not try to login with your customer account credentials. ",DIRECT_TEXT,https://www.toyotafinancial.com/us/en/planning_tools/faq/encrypted-email/is-this-related-to-my-online-financial-customer-account-.html
2573,How do I login?," If you have not registered for Email Encryption, you will be prompted to create an account and choose a password on the Registration page. Click Continue when you are done. In the future, you will not be prompted to register. If you have already registered, or if your account already exits, you will be prompted to sign in and provide your password to decrypt the message. Click Continue. ",DIRECT_TEXT,https://www.toyotafinancial.com/us/en/planning_tools/faq/encrypted-email/how-do-i-login-.html
2574,How do I reset my secure portal password?, Click Forgot Password link and an email will be sent to reset the associated password. ,DIRECT_TEXT,https://www.toyotafinancial.com/us/en/planning_tools/faq/encrypted-email/how-do-i-reset-my-secure-portal-password-.html
2575,Expecting an encrypted email but havent received it?, Some email anti-spam filters may block encrypted attachments or file them in your Junk mail. You may need to amend the settings in your email filter to permit such emails. ,DIRECT_TEXT,https://www.toyotafinancial.com/us/en/planning_tools/faq/encrypted-email/expecting-an-encrypted-email-but-haven-t-received-it-.html
2576,Having trouble opening the SecureMessageAtt.html file on a smart phone?," Some smart phones do not allow posting content by opening the SecureMessageAtt.html file. If you cannot open the attachment to read the encrypted message, please use the link in the email notification to open the encrypted message instead. ",DIRECT_TEXT,https://www.toyotafinancial.com/us/en/planning_tools/faq/encrypted-email/having-trouble-opening-the-securemessageatt-html-file-on-a-smart.html
2577,Clicking on the link in the body of the email results in an error message: the message you requested is not yet or no longer available, Try clicking the link once again after a few minutes. ,DIRECT_TEXT,https://www.toyotafinancial.com/us/en/planning_tools/faq/encrypted-email/clicking-on-the-link-in-the-body-of-the-email-results-in-an-erro.html
2578,Your account has been disabled or other login issues, Please contact TFS_Email_Encryption_Team@toyota.com and let them know the specific issue you are seeing. ,DIRECT_TEXT,https://www.toyotafinancial.com/us/en/planning_tools/faq/encrypted-email/your-account-has-been-disabled-or-other-login-issues.html
2579,Can I claim a tax deduction on the interest paid for my car loan?,"Recent legislation allows certain individuals to claim a tax deduction on interest paid for personal-use car loans from 2025 through 2028. Eligibility depends on your individual circumstances, such as your income and whether the vehicle is used for personal purposes. It is important to note that tax laws can change, and it is your responsibility to determine if you qualify for this deduction. We recommend consulting a qualified tax advisor to understand how this applies to your specific situation. For more detailed information, please refer to the IRS guidance ( [One, Big, Beautiful Bill Act: Tax deductions for working Americans and seniors | Internal Revenue Service](https://www.irs.gov/newsroom/one-big-beautiful-bill-act-tax-deductions-for-working-americans-and-seniors)).
Car loan interest may also be deductible in certain situations where you use your vehicle for your business or self-employment. Consult a tax advisor to understand how this applies to your specific situation.",DIRECT_TEXT,https://www.toyotafinancial.com/us/en/planning_tools/faq/One_Big_Beautiful_Bill_Act/Can_I_claim_a_tax_deduction_on_the_interest_paid_for_my_car_loan.html
2580,When and how will I receive my 2025 tax information statement for my car loan interest?,"In accordance with IRS rules related to One, Big, Beautiful Bill Act: ”No Tax on Car Loan Interest”, 2025 tax information will be sent by 1/31/26 to accounts with vehicles that have qualified VINs. Once available, you will receive an email notification with the subject line: “Your 2025 Tax Information Is Now Available.” You can then access and download your tax statement securely through the My Documents section on our website or via the Toyota Financial Services mobile app. If you haven’t already, you can register for online access or download our app to make retrieving your documents easy and convenient.
Interest only accrues on retail loans (not lease accounts), you may request  interest paid for a previous year, please contact us at (800-874-8822).",PHONE_ESCALATION,https://www.toyotafinancial.com/us/en/planning_tools/faq/One_Big_Beautiful_Bill_Act/When_and_how_will_I_receive_my_2025_tax_information_statement_for_my_car_loan_interest.html
2581,Why didnt I receive tax information on my car loan interest?,"We are not required to provide tax information on accounts that do not have a vehicle with a qualifying VIN, related to the One, Big, Beautiful Bill Act: ”No Tax on Car Loan Interest” treatment. If you feel your vehicle qualifies, please consult the IRS ([One, Big, Beautiful Bill Act: Tax deductions for working Americans and seniors | Internal Revenue Service](https://www.irs.gov/newsroom/one-big-beautiful-bill-act-tax-deductions-for-working-americans-and-seniors)) or your tax advisor to learn more.
If you have a retail loan and would like to request interest paid for a previous year, please contact us at (800-874-8822)",PHONE_ESCALATION,https://www.toyotafinancial.com/us/en/planning_tools/faq/One_Big_Beautiful_Bill_Act/Why_didnt_I_receive_tax_information_on_my_car_loan_interest.html
2582,"Where can I learn more about One, Big, Beautiful Bill Act: No Tax on Car Loan Interest?"," For more detailed information, please refer to the IRS guidance ([One, Big, Beautiful Bill Act: Tax deductions for working Americans and seniors  Internal Revenue Service](https://www.irs.gov/newsroom/one-big-beautiful-bill-act-tax-deductions-for-working-americans-and-seniors)). ",DIRECT_TEXT,https://www.toyotafinancial.com/us/en/planning_tools/faq/One_Big_Beautiful_Bill_Act/Where_can_I_learn_more_about_One_Big_Beautiful_Bill_No_Tax_on_Car_Loan_Interest.html
